T,h,e, ,N,o,r,m,a,n,s, ,(,N,o,r,m,a,n,:, ,N,o,u,r,m,a,n,d,s,;, ,F,r,e,n,c,h,:, ,N,o,r,m,a,n,d,s,;, ,L,a,t,i,n,:, ,N,o,r,m,a,n,n,i,), ,w,e,r,e, ,t,h,e, ,p,e,o,p,l,e, ,w,h,o, ,i,n, ,t,h,e, ,1,0,t,h, ,a,n,d, ,1,1,t,h, ,c,e,n,t,u,r,i,e,s, ,g,a,v,e, ,t,h,e,i,r, ,n,a,m,e, ,t,o, ,N,o,r,m,a,n,d,y,",", ,a, ,r,e,g,i,o,n, ,i,n, ,F,r,a,n,c,e
., ,T,h,e,y, ,w,e,r,e, ,d,e,s,c,e,n,d,e,d, ,f,r,o,m, ,N,o,r,s,e, ,(,"""",N,o,r,m,a,n,"""", ,c,o,m,e,s, ,f,r,o,m, ,"""",N,o,r,s,e,m,a,n,"""",), ,r,a,i,d,e,r,s, ,a,n,d, ,p,i,r,a,t,e,s, ,f,r,o,m, ,D,e,n,m,a,r,k,",", ,I,c,e,l,a,n,d, ,a,n,d, ,N,o,r,w,a,y, ,w,h,o,",", ,u,n,d,e,r, ,t,h,e,i,r, ,l,e,a,d,e,r, ,R,o,l,l,o,",", ,a,g,r,e,e,d, ,t,o, ,s,w,e,a,r, ,f,e,a,l,t,y, ,t,o, ,K,i,n,g, ,C,h,a,r,l,e,s, ,I,I,I, ,o,f, ,W,e,s,t, ,F,r,a,n,c,i,a
., ,T,h,r,o,u,g,h, ,g,e,n,e,r,a,t,i,o,n,s, ,o,f, ,a,s,s,i,m,i,l,a,t,i,o,n, ,a,n,d, ,m,i,x,i,n,g, ,w,i,t,h, ,t,h,e, ,n,a,t,i,v,e, ,F,r,a,n,k,i,s,h, ,a,n,d, ,R,o,m,a,n,-,G,a,u,l,i,s,h, ,p,o,p,u,l,a,t,i,o,n,s,",", ,t,h,e,i,r, ,d,e,s,c,e,n,d,a,n,t,s, ,w,o,u,l,d, ,g,r,a,d,u,a,l,l,y, ,m,e,r,g,e, ,w,i,t,h, ,t,h,e, ,C,a,r,o,l,i,n,g,i,a,n,-,b,a,s,e,d, ,c,u,l,t,u,r,e,s, ,o,f, ,W,e,s,t, ,F,r,a,n,c,i,a
., ,T,h,e, ,d,i,s,t,i,n,c,t, ,c,u,l,t,u,r,a,l, ,a,n,d, ,e,t,h,n,i,c, ,i,d,e,n,t,i,t,y, ,o,f, ,t,h,e, ,N,o,r,m,a,n,s, ,e,m,e,r,g,e,d, ,i,n,i,t,i,a,l,l,y, ,i,n, ,t,h,e, ,f,i,r,s,t, ,h,a,l,f, ,o,f, ,t,h,e, ,1,0,t,h, ,c,e,n,t,u,r,y,",", ,a,n,d, ,i,t, ,c,o,n,t,i,n,u,e,d, ,t,o, ,e,v,o,l,v,e, ,o,v,e,r, ,t,h,e, ,s,u,c,c,e,e,d,i,n,g, ,c,e,n,t,u,r,i,e,s,.
T,h,e, ,N,o,r,m,a,n, ,d,y,n,a,s,t,y, ,h,a,d, ,a, ,m,a,j,o,r, ,p,o,l,i,t,i,c,a,l,",", ,c,u,l,t,u,r,a,l, ,a,n,d, ,m,i,l,i,t,a,r,y, ,i,m,p,a,c,t, ,o,n, ,m,e,d,i,e,v,a,l, ,E,u,r,o,p,e, ,a,n,d, ,e,v,e,n, ,t,h,e, ,N,e,a,r, ,E,a,s,t
., ,T,h,e, ,N,o,r,m,a,n,s, ,w,e,r,e, ,f,a,m,e,d, ,f,o,r, ,t,h,e,i,r, ,m,a,r,t,i,a,l, ,s,p,i,r,i,t, ,a,n,d, ,e,v,e,n,t,u,a,l,l,y, ,f,o,r, ,t,h,e,i,r, ,C,h,r,i,s,t,i,a,n, ,p,i,e,t,y,",", ,b,e,c,o,m,i,n,g, ,e,x,p,o,n,e,n,t,s, ,o,f, ,t,h,e, ,C,a,t,h,o,l,i,c, ,o,r,t,h,o,d,o,x,y, ,i,n,t,o, ,w,h,i,c,h, ,t,h,e,y, ,a,s,s,i,m,i,l,a,t,e,d
., ,T,h,e,y, ,a,d,o,p,t,e,d, ,t,h,e, ,G,a,l,l,o,-,R,o,m,a,n,c,e, ,l,a,n,g,u,a,g,e, ,o,f, ,t,h,e, ,F,r,a,n,k,i,s,h, ,l,a,n,d, ,t,h,e,y, ,s,e,t,t,l,e,d,",", ,t,h,e,i,r, ,d,i,a,l,e,c,t, ,b,e,c,o,m,i,n,g, ,k,n,o,w,n, ,a,s, ,N,o,r,m,a,n,",", ,N,o,r,m,a,u,n,d, ,o,r, ,N,o,r,m,a,n, ,F,r,e,n,c,h,",", ,a,n, ,i,m,p,o,r,t,a,n,t, ,l,i,t,e,r,a,r,y, ,l,a,n,g,u,a,g,e
., ,T,h,e, ,D,u,c,h,y, ,o,f, ,N,o,r,m,a,n,d,y,",", ,w,h,i,c,h, ,t,h,e,y, ,f,o,r,m,e,d, ,b,y, ,t,r,e,a,t,y, ,w,i,t,h, ,t,h,e, ,F,r,e,n,c,h, ,c,r,o,w,n,",", ,w,a,s, ,a, ,g,r,e,a,t, ,f,i,e,f, ,o,f, ,m,e,d,i,e,v,a,l, ,F,r,a,n,c,e,",", ,a,n,d, ,u,n,d,e,r, ,R,i,c,h,a,r,d, ,I, ,o,f, ,N,o,r,m,a,n,d,y, ,w,a,s, ,f,o,r,g,e,d, ,i,n,t,o, ,a, ,c,o,h,e,s,i,v,e, ,a,n,d, ,f,o,r,m,i,d,a,b,l,e, ,p,r,i,n,c,i,p,a,l,i,t,y, ,i,n, ,f,e,u,d,a,l, ,t,e,n,u,r,e
., ,T,h,e, ,N,o,r,m,a,n,s, ,a,r,e, ,n,o,t,e,d, ,b,o,t,h, ,f,o,r, ,t,h,e,i,r, ,c,u,l,t,u,r,e,",", ,s,u,c,h, ,a,s, ,t,h,e,i,r, ,u,n,i,q,u,e, ,R,o,m,a,n,e,s,q,u,e, ,a,r,c,h,i,t,e,c,t,u,r,e, ,a,n,d, ,m,u,s,i,c,a,l, ,t,r,a,d,i,t,i,o,n,s,",", ,a,n,d, ,f,o,r, ,t,h,e,i,r, ,s,i,g,n,i,f,i,c,a,n,t, ,m,i,l,i,t,a,r,y, ,a,c,c,o,m,p,l,i,s,h,m,e,n,t,s, ,a,n,d, ,i,n,n,o,v,a,t,i,o,n,s
., ,N,o,r,m,a,n, ,a,d,v,e,n,t,u,r,e,r,s, ,f,o,u,n,d,e,d, ,t,h,e, ,K,i,n,g,d,o,m, ,o,f, ,S,i,c,i,l,y, ,u,n,d,e,r, ,R,o,g,e,r, ,I,I, ,a,f,t,e,r, ,c,o,n,q,u,e,r,i,n,g, ,s,o,u,t,h,e,r,n, ,I,t,a,l,y, ,o,n, ,t,h,e, ,S,a,r,a,c,e,n,s, ,a,n,d, ,B,y,z,a,n,t,i,n,e,s,",", ,a,n,d, ,a,n, ,e,x,p,e,d,i,t,i,o,n, ,o,n, ,b,e,h,a,l,f, ,o,f, ,t,h,e,i,r, ,d,u,k,e,",", ,W,i,l,l,i,a,m, ,t,h,e, ,C,o,n,q,u,e,r,o,r,",", ,l,e,d, ,t,o, ,t,h,e, ,N,o,r,m,a,n, ,c,o,n,q,u,e,s,t, ,o,f, ,E,n,g,l,a,n,d, ,a,t, ,t,h,e, ,B,a,t,t,l,e, ,o,f
o,f, ,E,n,g,l,a,n,d, ,a,t, ,t,h,e, ,B,a,t,t,l,e, ,o,f, ,H,a,s,t,i,n,g,s, ,i,n, ,1,0,6,6
., ,N,o,r,m,a,n, ,c,u,l,t,u,r,a,l, ,a,n,d, ,m,i,l,i,t,a,r,y, ,i,n,f,l,u,e,n,c,e, ,s,p,r,e,a,d, ,f,r,o,m, ,t,h,e,s,e, ,n,e,w, ,E,u,r,o,p,e,a,n, ,c,e,n,t,r,e,s, ,t,o, ,t,h,e, ,C,r,u,s,a,d,e,r, ,s,t,a,t,e,s, ,o,f, ,t,h,e, ,N,e,a,r, ,E,a,s,t,",", ,w,h,e,r,e, ,t,h,e,i,r, ,p,r,i,n,c,e, ,B,o,h,e,m,o,n,d, ,I, ,f,o,u,n,d,e,d, ,t,h,e, ,P,r,i,n,c,i,p,a,l,i,t,y, ,o,f, ,A,n,t,i,o,c,h, ,i,n, ,t,h,e, ,L,e,v,a,n,t,",", ,t,o, ,S,c,o,t,l,a,n,d, ,a,n,d, ,W,a,l,e,s, ,i,n, ,G,r,e,a,t, ,B,r,i,t,a,i,n,",", ,t,o, ,I,r,e,l,a,n,d,","
i,n, ,G,r,e,a,t, ,B,r,i,t,a,i,n,",", ,t,o, ,I,r,e,l,a,n,d,",", ,a,n,d, ,t,o, ,t,h,e, ,c,o,a,s,t,s, ,o,f, ,n,o,r,t,h, ,A,f,r,i,c,a, ,a,n,d, ,t,h,e, ,C,a,n,a,r,y, ,I,s,l,a,n,d,s,.
T,h,e, ,E,n,g,l,i,s,h, ,n,a,m,e, ,"""",N,o,r,m,a,n,s,"""", ,c,o,m,e,s, ,f,r,o,m, ,t,h,e, ,F,r,e,n,c,h, ,w,o,r,d,s, ,N,o,r,m,a,n,s,/,N,o,r,m,a,n,z,",", ,p,l,u,r,a,l, ,o,f, ,N,o,r,m,a,n,t,",", ,m,o,d,e,r,n, ,F,r,e,n,c,h, ,n,o,r,m,a,n,d,",", ,w,h,i,c,h, ,i,s, ,i,t,s,e,l,f, ,b,o,r,r,o,w,e,d, ,f,r,o,m, ,O,l,d, ,L,o,w, ,F,r,a,n,c,o,n,i,a,n, ,N,o,r,t,m,a,n,n, ,"""",N,o,r,t,h,m,a,n,"""", ,o,r, ,d,i,r,e,c,t,l,y, ,f,r,o,m, ,O,l,d, ,N,o,r,s,e, ,N,o,r,ð,m,a,ð,r,",", ,L,a,t,i,n,i,z,e,d, ,v,a,r,i,o,u,s,l,y, ,a,s, ,N,o,r,t,m,a,n,n,u,s,","
v,a,r,i,o,u,s,l,y, ,a,s, ,N,o,r,t,m,a,n,n,u,s,",", ,N,o,r,m,a,n,n,u,s,",", ,o,r, ,N,o,r,d,m,a,n,n,u,s, ,(,r,e,c,o,r,d,e,d, ,i,n, ,M,e,d,i,e,v,a,l, ,L,a,t,i,n,",", ,9,t,h, ,c,e,n,t,u,r,y,), ,t,o, ,m,e,a,n, ,"""",N,o,r,s,e,m,a,n,",", ,V,i,k,i,n,g,"""",.
I,n, ,t,h,e, ,c,o,u,r,s,e, ,o,f, ,t,h,e, ,1,0,t,h, ,c,e,n,t,u,r,y,",", ,t,h,e, ,i,n,i,t,i,a,l,l,y, ,d,e,s,t,r,u,c,t,i,v,e, ,i,n,c,u,r,s,i,o,n,s, ,o,f, ,N,o,r,s,e, ,w,a,r, ,b,a,n,d,s, ,i,n,t,o, ,t,h,e, ,r,i,v,e,r,s, ,o,f, ,F,r,a,n,c,e, ,e,v,o,l,v,e,d, ,i,n,t,o, ,m,o,r,e, ,p,e,r,m,a,n,e,n,t, ,e,n,c,a,m,p,m,e,n,t,s, ,t,h,a,t, ,i,n,c,l,u,d,e,d, ,l,o,c,a,l, ,w,o,m,e,n, ,a,n,d, ,p,e,r,s,o,n,a,l, ,p,r,o,p,e,r,t,y
., ,T,h,e, ,D,u,c,h,y, ,o,f, ,N,o,r,m,a,n,d,y,",", ,w,h,i,c,h, ,b,e,g,a,n, ,i,n, ,9,1,1, ,a,s, ,a, ,f,i,e,f,d,o,m,",", ,w,a,s, ,e,s,t,a,b,l,i,s,h,e,d, ,b,y, ,t,h,e, ,t,r,e,a,t,y, ,o,f, ,S,a,i,n,t,-,C,l,a,i,r,-,s,u,r,-,E,p,t,e, ,b,e,t,w,e,e,n, ,K,i,n,g, ,C,h,a,r,l,e,s, ,I,I,I, ,o,f, ,W,e,s,t, ,F,r,a,n,c,i,a, ,a,n,d, ,t,h,e, ,f,a,m,e,d, ,V,i,k,i,n,g, ,r,u,l,e,r, ,R,o,l,l,o,",", ,a,n,d, ,w,a,s, ,s,i,t,u,a,t,e,d, ,i,n, ,t,h,e, ,f,o,r,m,e,r, ,F,r,a,n,k,i,s,h, ,k,i,n,g,d,o,m, ,o,f, ,N,e,u,s,t,r,i,a
., ,T,h,e, ,t,r,e,a,t,y, ,o,f,f,e,r,e,d, ,R,o,l,l,o, ,a,n,d, ,h,i,s, ,m,e,n, ,t,h,e, ,F,r,e,n,c,h, ,l,a,n,d,s, ,b,e,t,w,e,e,n, ,t,h,e, ,r,i,v,e,r, ,E,p,t,e, ,a,n,d, ,t,h,e, ,A,t,l,a,n,t,i,c, ,c,o,a,s,t, ,i,n, ,e,x,c,h,a,n,g,e, ,f,o,r, ,t,h,e,i,r, ,p,r,o,t,e,c,t,i,o,n, ,a,g,a,i,n,s,t, ,f,u,r,t,h,e,r, ,V,i,k,i,n,g, ,i,n,c,u,r,s,i,o,n,s
., ,T,h,e, ,a,r,e,a, ,c,o,r,r,e,s,p,o,n,d,e,d, ,t,o, ,t,h,e, ,n,o,r,t,h,e,r,n, ,p,a,r,t, ,o,f, ,p,r,e,s,e,n,t,-,d,a,y, ,U,p,p,e,r, ,N,o,r,m,a,n,d,y, ,d,o,w,n, ,t,o, ,t,h,e, ,r,i,v,e,r, ,S,e,i,n,e,",", ,b,u,t, ,t,h,e, ,D,u,c,h,y, ,w,o,u,l,d, ,e,v,e,n,t,u,a,l,l,y, ,e,x,t,e,n,d, ,w,e,s,t, ,b,e,y,o,n,d, ,t,h,e, ,S,e,i,n,e
., ,T,h,e, ,t,e,r,r,i,t,o,r,y, ,w,a,s, ,r,o,u,g,h,l,y, ,e,q,u,i,v,a,l,e,n,t, ,t,o, ,t,h,e, ,o,l,d, ,p,r,o,v,i,n,c,e, ,o,f, ,R,o,u,e,n,",", ,a,n,d, ,r,e,p,r,o,d,u,c,e,d, ,t,h,e, ,R,o,m,a,n, ,a,d,m,i,n,i,s,t,r,a,t,i,v,e, ,s,t,r,u,c,t,u,r,e, ,o,f, ,G,a,l,l,i,a, ,L,u,g,d,u,n,e,n,s,i,s, ,I,I, ,(,p,a,r,t, ,o,f, ,t,h,e, ,f,o,r,m,e,r, ,G,a,l,l,i,a, ,L,u,g,d,u,n,e,n,s,i,s,),.
B,e,f,o,r,e, ,R,o,l,l,o,',s, ,a,r,r,i,v,a,l,",", ,i,t,s, ,p,o,p,u,l,a,t,i,o,n,s, ,d,i,d, ,n,o,t, ,d,i,f,f,e,r, ,f,r,o,m, ,P,i,c,a,r,d,y, ,o,r, ,t,h,e, ,Î,l,e,-,d,e,-,F,r,a,n,c,e,",", ,w,h,i,c,h, ,w,e,r,e, ,c,o,n,s,i,d,e,r,e,d, ,"""",F,r,a,n,k,i,s,h,""""
., ,E,a,r,l,i,e,r, ,V,i,k,i,n,g, ,s,e,t,t,l,e,r,s, ,h,a,d, ,b,e,g,u,n, ,a,r,r,i,v,i,n,g, ,i,n, ,t,h,e, ,8,8,0,s,",", ,b,u,t, ,w,e,r,e, ,d,i,v,i,d,e,d, ,b,e,t,w,e,e,n, ,c,o,l,o,n,i,e,s, ,i,n, ,t,h,e, ,e,a,s,t, ,(,R,o,u,m,o,i,s, ,a,n,d, ,P,a,y,s, ,d,e, ,C,a,u,x,), ,a,r,o,u,n,d, ,t,h,e, ,l,o,w, ,S,e,i,n,e, ,v,a,l,l,e,y, ,a,n,d, ,i,n, ,t,h,e, ,w,e,s,t, ,i,n, ,t,h,e, ,C,o,t,e,n,t,i,n, ,P,e,n,i,n,s,u,l,a,",", ,a,n,d, ,w,e,r,e, ,s,e,p,a,r,a,t,e,d, ,b,y, ,t,r,a,d,i,t,i,o,n,a,l, ,p,a,g,i,i,",", ,w,h,e,r,e, ,t,h,e
b,y, ,t,r,a,d,i,t,i,o,n,a,l, ,p,a,g,i,i,",", ,w,h,e,r,e, ,t,h,e, ,p,o,p,u,l,a,t,i,o,n, ,r,e,m,a,i,n,e,d, ,a,b,o,u,t, ,t,h,e, ,s,a,m,e, ,w,i,t,h, ,a,l,m,o,s,t, ,n,o, ,f,o,r,e,i,g,n, ,s,e,t,t,l,e,r,s
., ,R,o,l,l,o,',s, ,c,o,n,t,i,n,g,e,n,t,s, ,w,h,o, ,r,a,i,d,e,d, ,a,n,d, ,u,l,t,i,m,a,t,e,l,y, ,s,e,t,t,l,e,d, ,N,o,r,m,a,n,d,y, ,a,n,d, ,p,a,r,t,s, ,o,f, ,t,h,e, ,A,t,l,a,n,t,i,c, ,c,o,a,s,t, ,i,n,c,l,u,d,e,d, ,D,a,n,e,s,",", ,N,o,r,w,e,g,i,a,n,s,",", ,N,o,r,s,e,–,G,a,e,l,s,",", ,O,r,k,n,e,y, ,V,i,k,i,n,g,s,",", ,p,o,s,s,i,b,l,y, ,S,w,e,d,e,s,",", ,a,n,d, ,A,n,g,l,o,-,D,a,n,e,s, ,f,r,o,m, ,t,h,e, ,E,n,g,l,i,s,h, ,D,a,n,e,l,a,w, ,u,n,d,e,r, ,N,o,r,s,e, ,c,o,n,t,r,o,l,.
T,h,e, ,d,e,s,c,e,n,d,a,n,t,s, ,o,f, ,R,o,l,l,o,',s, ,V,i,k,i,n,g,s, ,a,n,d, ,t,h,e,i,r, ,F,r,a,n,k,i,s,h, ,w,i,v,e,s, ,w,o,u,l,d, ,r,e,p,l,a,c,e, ,t,h,e, ,N,o,r,s,e, ,r,e,l,i,g,i,o,n, ,a,n,d, ,O,l,d, ,N,o,r,s,e, ,l,a,n,g,u,a,g,e, ,w,i,t,h, ,C,a,t,h,o,l,i,c,i,s,m, ,(,C,h,r,i,s,t,i,a,n,i,t,y,), ,a,n,d, ,t,h,e, ,G,a,l,l,o,-,R,o,m,a,n,c,e, ,l,a,n,g,u,a,g,e, ,o,f, ,t,h,e, ,l,o,c,a,l, ,p,e,o,p,l,e,",", ,b,l,e,n,d,i,n,g, ,t,h,e,i,r, ,m,a,t,e,r,n,a,l, ,F,r,a,n,k,i,s,h, ,h,e,r,i,t,a,g,e, ,w,i,t,h, ,O,l,d, ,N,o,r,s,e
h,e,r,i,t,a,g,e, ,w,i,t,h, ,O,l,d, ,N,o,r,s,e, ,t,r,a,d,i,t,i,o,n,s, ,a,n,d, ,c,u,s,t,o,m,s, ,t,o, ,s,y,n,t,h,e,s,i,z,e, ,a, ,u,n,i,q,u,e, ,"""",N,o,r,m,a,n,"""", ,c,u,l,t,u,r,e, ,i,n, ,t,h,e, ,n,o,r,t,h, ,o,f, ,F,r,a,n,c,e
., ,T,h,e, ,N,o,r,m,a,n, ,l,a,n,g,u,a,g,e, ,w,a,s, ,f,o,r,g,e,d, ,b,y, ,t,h,e, ,a,d,o,p,t,i,o,n, ,o,f, ,t,h,e, ,i,n,d,i,g,e,n,o,u,s, ,l,a,n,g,u,e, ,d,',o,ï,l, ,b,r,a,n,c,h, ,o,f, ,R,o,m,a,n,c,e, ,b,y, ,a, ,N,o,r,s,e,-,s,p,e,a,k,i,n,g, ,r,u,l,i,n,g, ,c,l,a,s,s,",", ,a,n,d, ,i,t, ,d,e,v,e,l,o,p,e,d, ,i,n,t,o, ,t,h,e, ,r,e,g,i,o,n,a,l, ,l,a,n,g,u,a,g,e, ,t,h,a,t, ,s,u,r,v,i,v,e,s, ,t,o,d,a,y,.
T,h,e, ,N,o,r,m,a,n,s, ,t,h,e,r,e,a,f,t,e,r, ,a,d,o,p,t,e,d, ,t,h,e, ,g,r,o,w,i,n,g, ,f,e,u,d,a,l, ,d,o,c,t,r,i,n,e,s, ,o,f, ,t,h,e, ,r,e,s,t, ,o,f, ,F,r,a,n,c,e,",", ,a,n,d, ,w,o,r,k,e,d, ,t,h,e,m, ,i,n,t,o, ,a, ,f,u,n,c,t,i,o,n,a,l, ,h,i,e,r,a,r,c,h,i,c,a,l, ,s,y,s,t,e,m, ,i,n, ,b,o,t,h, ,N,o,r,m,a,n,d,y, ,a,n,d, ,i,n, ,E,n,g,l,a,n,d
., ,T,h,e, ,n,e,w, ,N,o,r,m,a,n, ,r,u,l,e,r,s, ,w,e,r,e, ,c,u,l,t,u,r,a,l,l,y, ,a,n,d, ,e,t,h,n,i,c,a,l,l,y, ,d,i,s,t,i,n,c,t, ,f,r,o,m, ,t,h,e, ,o,l,d, ,F,r,e,n,c,h, ,a,r,i,s,t,o,c,r,a,c,y,",", ,m,o,s,t, ,o,f, ,w,h,o,m, ,t,r,a,c,e,d, ,t,h,e,i,r, ,l,i,n,e,a,g,e, ,t,o, ,F,r,a,n,k,s, ,o,f, ,t,h,e, ,C,a,r,o,l,i,n,g,i,a,n, ,d,y,n,a,s,t,y
., ,M,o,s,t, ,N,o,r,m,a,n, ,k,n,i,g,h,t,s, ,r,e,m,a,i,n,e,d, ,p,o,o,r, ,a,n,d, ,l,a,n,d,-,h,u,n,g,r,y,",", ,a,n,d, ,b,y, ,1,0,6,6, ,N,o,r,m,a,n,d,y, ,h,a,d, ,b,e,e,n, ,e,x,p,o,r,t,i,n,g, ,f,i,g,h,t,i,n,g, ,h,o,r,s,e,m,e,n, ,f,o,r, ,m,o,r,e, ,t,h,a,n, ,a, ,g,e,n,e,r,a,t,i,o,n
., ,M,a,n,y, ,N,o,r,m,a,n,s, ,o,f, ,I,t,a,l,y,",", ,F,r,a,n,c,e, ,a,n,d, ,E,n,g,l,a,n,d, ,e,v,e,n,t,u,a,l,l,y, ,s,e,r,v,e,d, ,a,s, ,a,v,i,d, ,C,r,u,s,a,d,e,r,s, ,u,n,d,e,r, ,t,h,e, ,I,t,a,l,o,-,N,o,r,m,a,n, ,p,r,i,n,c,e, ,B,o,h,e,m,u,n,d, ,I, ,a,n,d, ,t,h,e, ,A,n,g,l,o,-,N,o,r,m,a,n, ,k,i,n,g, ,R,i,c,h,a,r,d, ,t,h,e, ,L,i,o,n,-,H,e,a,r,t,.
S,o,o,n, ,a,f,t,e,r, ,t,h,e, ,N,o,r,m,a,n,s, ,b,e,g,a,n, ,t,o, ,e,n,t,e,r, ,I,t,a,l,y,",", ,t,h,e,y, ,e,n,t,e,r,e,d, ,t,h,e, ,B,y,z,a,n,t,i,n,e, ,E,m,p,i,r,e, ,a,n,d, ,t,h,e,n, ,A,r,m,e,n,i,a,",", ,f,i,g,h,t,i,n,g, ,a,g,a,i,n,s,t, ,t,h,e, ,P,e,c,h,e,n,e,g,s,",", ,t,h,e, ,B,u,l,g,a,r,s,",", ,a,n,d, ,e,s,p,e,c,i,a,l,l,y, ,t,h,e, ,S,e,l,j,u,k, ,T,u,r,k,s
., ,N,o,r,m,a,n, ,m,e,r,c,e,n,a,r,i,e,s, ,w,e,r,e, ,f,i,r,s,t, ,e,n,c,o,u,r,a,g,e,d, ,t,o, ,c,o,m,e, ,t,o, ,t,h,e, ,s,o,u,t,h, ,b,y, ,t,h,e, ,L,o,m,b,a,r,d,s, ,t,o, ,a,c,t, ,a,g,a,i,n,s,t, ,t,h,e, ,B,y,z,a,n,t,i,n,e,s,",", ,b,u,t, ,t,h,e,y, ,s,o,o,n, ,f,o,u,g,h,t, ,i,n, ,B,y,z,a,n,t,i,n,e, ,s,e,r,v,i,c,e, ,i,n, ,S,i,c,i,l,y
., ,T,h,e,y, ,w,e,r,e, ,p,r,o,m,i,n,e,n,t, ,a,l,o,n,g,s,i,d,e, ,V,a,r,a,n,g,i,a,n, ,a,n,d, ,L,o,m,b,a,r,d, ,c,o,n,t,i,n,g,e,n,t,s, ,i,n, ,t,h,e, ,S,i,c,i,l,i,a,n, ,c,a,m,p,a,i,g,n, ,o,f, ,G,e,o,r,g,e, ,M,a,n,i,a,c,e,s, ,i,n, ,1,0,3,8,–,4,0
., ,T,h,e,r,e, ,i,s, ,d,e,b,a,t,e, ,w,h,e,t,h,e,r, ,t,h,e, ,N,o,r,m,a,n,s, ,i,n, ,G,r,e,e,k, ,s,e,r,v,i,c,e, ,a,c,t,u,a,l,l,y, ,w,e,r,e, ,f,r,o,m, ,N,o,r,m,a,n, ,I,t,a,l,y,",", ,a,n,d, ,i,t, ,n,o,w, ,s,e,e,m,s, ,l,i,k,e,l,y, ,o,n,l,y, ,a, ,f,e,w, ,c,a,m,e, ,f,r,o,m, ,t,h,e,r,e,., ,I,t, ,i,s, ,a,l,s,o, ,u,n,k,n,o,w,n, ,h,o,w, ,m,a,n,y, ,o,f, ,t,h,e, ,"""",F,r,a,n,k,s,"""",",", ,a,s, ,t,h,e, ,B,y,z,a,n,t,i,n,e,s, ,c,a,l,l,e,d, ,t,h,e,m,",", ,w,e,r,e, ,N,o,r,m,a,n,s, ,a,n,d, ,n,o,t, ,o,t,h,e,r, ,F,r,e,n,c,h,m,e,n,.
O,n,e, ,o,f, ,t,h,e, ,f,i,r,s,t, ,N,o,r,m,a,n, ,m,e,r,c,e,n,a,r,i,e,s, ,t,o, ,s,e,r,v,e, ,a,s, ,a, ,B,y,z,a,n,t,i,n,e, ,g,e,n,e,r,a,l, ,w,a,s, ,H,e,r,v,é, ,i,n, ,t,h,e, ,1,0,5,0,s,., ,B,y, ,t,h,e,n, ,h,o,w,e,v,e,r,",", ,t,h,e,r,e, ,w,e,r,e, ,a,l,r,e,a,d,y, ,N,o,r,m,a,n, ,m,e,r,c,e,n,a,r,i,e,s, ,s,e,r,v,i,n,g, ,a,s, ,f,a,r, ,a,w,a,y, ,a,s, ,T,r,e,b,i,z,o,n,d, ,a,n,d, ,G,e,o,r,g,i,a
., ,T,h,e,y, ,w,e,r,e, ,b,a,s,e,d, ,a,t, ,M,a,l,a,t,y,a, ,a,n,d, ,E,d,e,s,s,a,",", ,u,n,d,e,r, ,t,h,e, ,B,y,z,a,n,t,i,n,e, ,d,u,k,e, ,o,f, ,A,n,t,i,o,c,h,",", ,I,s,a,a,c, ,K,o,m,n,e,n,o,s,., ,I,n, ,t,h,e, ,1,0,6,0,s,",", ,R,o,b,e,r,t, ,C,r,i,s,p,i,n, ,l,e,d, ,t,h,e, ,N,o,r,m,a,n,s, ,o,f, ,E,d,e,s,s,a, ,a,g,a,i,n,s,t, ,t,h,e, ,T,u,r,k,s
., ,R,o,u,s,s,e,l, ,d,e, ,B,a,i,l,l,e,u,l, ,e,v,e,n, ,t,r,i,e,d, ,t,o, ,c,a,r,v,e, ,o,u,t, ,a,n, ,i,n,d,e,p,e,n,d,e,n,t, ,s,t,a,t,e, ,i,n, ,A,s,i,a, ,M,i,n,o,r, ,w,i,t,h, ,s,u,p,p,o,r,t, ,f,r,o,m, ,t,h,e, ,l,o,c,a,l, ,p,o,p,u,l,a,t,i,o,n,",", ,b,u,t, ,h,e, ,w,a,s, ,s,t,o,p,p,e,d, ,b,y, ,t,h,e, ,B,y,z,a,n,t,i,n,e, ,g,e,n,e,r,a,l, ,A,l,e,x,i,u,s, ,K,o,m,n,e,n,o,s,.
S,o,m,e, ,N,o,r,m,a,n,s, ,j,o,i,n,e,d, ,T,u,r,k,i,s,h, ,f,o,r,c,e,s, ,t,o, ,a,i,d, ,i,n, ,t,h,e, ,d,e,s,t,r,u,c,t,i,o,n, ,o,f, ,t,h,e, ,A,r,m,e,n,i,a,n,s, ,v,a,s,s,a,l,-,s,t,a,t,e,s, ,o,f, ,S,a,s,s,o,u,n, ,a,n,d, ,T,a,r,o,n, ,i,n, ,f,a,r, ,e,a,s,t,e,r,n, ,A,n,a,t,o,l,i,a,., ,L,a,t,e,r,",", ,m,a,n,y, ,t,o,o,k, ,u,p, ,s,e,r,v,i,c,e, ,w,i,t,h, ,t,h,e, ,A,r,m,e,n,i,a,n, ,s,t,a,t,e, ,f,u,r,t,h,e,r, ,s,o,u,t,h, ,i,n, ,C,i,l,i,c,i,a, ,a,n,d, ,t,h,e, ,T,a,u,r,u,s, ,M,o,u,n,t,a,i,n,s
., ,A, ,N,o,r,m,a,n, ,n,a,m,e,d, ,O,u,r,s,e,l, ,l,e,d, ,a, ,f,o,r,c,e, ,o,f, ,"""",F,r,a,n,k,s,"""", ,i,n,t,o, ,t,h,e, ,u,p,p,e,r, ,E,u,p,h,r,a,t,e,s, ,v,a,l,l,e,y, ,i,n, ,n,o,r,t,h,e,r,n, ,S,y,r,i,a,., ,F,r,o,m, ,1,0,7,3, ,t,o, ,1,0,7,4,",", ,8,",",0,0,0, ,o,f, ,t,h,e, ,2,0,",",0,0,0, ,t,r,o,o,p,s, ,o,f, ,t,h,e, ,A,r,m,e,n,i,a,n, ,g,e,n,e,r,a,l, ,P,h,i,l,a,r,e,t,u,s, ,B,r,a,c,h,a,m,i,u,s, ,w,e,r,e, ,N,o,r,m,a,n,s,—,f,o,r,m,e,r,l,y, ,o,f, ,O,u,r,s,e,l,—,l,e,d, ,b,y, ,R,a,i,m,b,a,u,d
., ,T,h,e,y, ,e,v,e,n, ,l,e,n,t, ,t,h,e,i,r, ,e,t,h,n,i,c,i,t,y, ,t,o, ,t,h,e, ,n,a,m,e, ,o,f, ,t,h,e,i,r, ,c,a,s,t,l,e,:, ,A,f,r,a,n,j,i,",", ,m,e,a,n,i,n,g, ,"""",F,r,a,n,k,s,.,"""", ,T,h,e, ,k,n,o,w,n, ,t,r,a,d,e, ,b,e,t,w,e,e,n, ,A,m,a,l,f,i, ,a,n,d, ,A,n,t,i,o,c,h, ,a,n,d, ,b,e,t,w,e,e,n, ,B,a,r,i, ,a,n,d, ,T,a,r,s,u,s, ,m,a,y, ,b,e, ,r,e,l,a,t,e,d, ,t,o, ,t,h,e, ,p,r,e,s,e,n,c,e, ,o,f, ,I,t,a,l,o,-,N,o,r,m,a,n,s, ,i,n, ,t,h,o,s,e, ,c,i,t,i,e,s, ,w,h,i,l,e, ,A,m,a,l,f,i, ,a,n,d, ,B,a,r,i, ,w,e,r,e, ,u,n,d,e,r
A,m,a,l,f,i, ,a,n,d, ,B,a,r,i, ,w,e,r,e, ,u,n,d,e,r, ,N,o,r,m,a,n, ,r,u,l,e, ,i,n, ,I,t,a,l,y,.
S,e,v,e,r,a,l, ,f,a,m,i,l,i,e,s, ,o,f, ,B,y,z,a,n,t,i,n,e, ,G,r,e,e,c,e, ,w,e,r,e, ,o,f, ,N,o,r,m,a,n, ,m,e,r,c,e,n,a,r,y, ,o,r,i,g,i,n, ,d,u,r,i,n,g, ,t,h,e, ,p,e,r,i,o,d, ,o,f, ,t,h,e, ,C,o,m,n,e,n,i,a,n, ,R,e,s,t,o,r,a,t,i,o,n,",", ,w,h,e,n, ,B,y,z,a,n,t,i,n,e, ,e,m,p,e,r,o,r,s, ,w,e,r,e, ,s,e,e,k,i,n,g, ,o,u,t, ,w,e,s,t,e,r,n, ,E,u,r,o,p,e,a,n, ,w,a,r,r,i,o,r,s
., ,T,h,e, ,R,a,o,u,l,i,i, ,w,e,r,e, ,d,e,s,c,e,n,d,e,d, ,f,r,o,m, ,a,n, ,I,t,a,l,o,-,N,o,r,m,a,n, ,n,a,m,e,d, ,R,a,o,u,l,",", ,t,h,e, ,P,e,t,r,a,l,i,p,h,a,e, ,w,e,r,e, ,d,e,s,c,e,n,d,e,d, ,f,r,o,m, ,a, ,P,i,e,r,r,e, ,d,',A,u,l,p,s,",", ,a,n,d, ,t,h,a,t, ,g,r,o,u,p, ,o,f, ,A,l,b,a,n,i,a,n, ,c,l,a,n,s, ,k,n,o,w,n, ,a,s, ,t,h,e, ,M,a,n,i,a,k,a,t,e,s, ,w,e,r,e, ,d,e,s,c,e,n,d,e,d, ,f,r,o,m, ,N,o,r,m,a,n,s, ,w,h,o, ,s,e,r,v,e,d, ,u,n,d,e,r, ,G,e,o,r,g,e, ,M,a,n,i,a,c,e,s, ,i,n, ,t,h,e, ,S,i,c,i,l,i,a,n
G,e,o,r,g,e, ,M,a,n,i,a,c,e,s, ,i,n, ,t,h,e, ,S,i,c,i,l,i,a,n, ,e,x,p,e,d,i,t,i,o,n, ,o,f, ,1,0,3,8,.
R,o,b,e,r,t, ,G,u,i,s,c,a,r,d,",", ,a,n, ,o,t,h,e,r, ,N,o,r,m,a,n, ,a,d,v,e,n,t,u,r,e,r, ,p,r,e,v,i,o,u,s,l,y, ,e,l,e,v,a,t,e,d, ,t,o, ,t,h,e, ,d,i,g,n,i,t,y, ,o,f, ,c,o,u,n,t, ,o,f, ,A,p,u,l,i,a, ,a,s, ,t,h,e, ,r,e,s,u,l,t, ,o,f, ,h,i,s, ,m,i,l,i,t,a,r,y, ,s,u,c,c,e,s,s,e,s,",", ,u,l,t,i,m,a,t,e,l,y, ,d,r,o,v,e, ,t,h,e, ,B,y,z,a,n,t,i,n,e,s, ,o,u,t, ,o,f, ,s,o,u,t,h,e,r,n, ,I,t,a,l,y
., ,H,a,v,i,n,g, ,o,b,t,a,i,n,e,d, ,t,h,e, ,c,o,n,s,e,n,t, ,o,f, ,p,o,p,e, ,G,r,e,g,o,r,y, ,V,I,I, ,a,n,d, ,a,c,t,i,n,g, ,a,s, ,h,i,s, ,v,a,s,s,a,l,",", ,R,o,b,e,r,t, ,c,o,n,t,i,n,u,e,d, ,h,i,s, ,c,a,m,p,a,i,g,n, ,c,o,n,q,u,e,r,i,n,g, ,t,h,e, ,B,a,l,k,a,n, ,p,e,n,i,n,s,u,l,a, ,a,s, ,a, ,f,o,o,t,h,o,l,d, ,f,o,r, ,w,e,s,t,e,r,n, ,f,e,u,d,a,l, ,l,o,r,d,s, ,a,n,d, ,t,h,e, ,C,a,t,h,o,l,i,c, ,C,h,u,r,c,h
., ,A,f,t,e,r, ,a,l,l,y,i,n,g, ,h,i,m,s,e,l,f, ,w,i,t,h, ,C,r,o,a,t,i,a, ,a,n,d, ,t,h,e, ,C,a,t,h,o,l,i,c, ,c,i,t,i,e,s, ,o,f, ,D,a,l,m,a,t,i,a,",", ,i,n, ,1,0,8,1, ,h,e, ,l,e,d, ,a,n, ,a,r,m,y, ,o,f, ,3,0,",",0,0,0, ,m,e,n, ,i,n, ,3,0,0, ,s,h,i,p,s, ,l,a,n,d,i,n,g, ,o,n, ,t,h,e, ,s,o,u,t,h,e,r,n, ,s,h,o,r,e,s, ,o,f, ,A,l,b,a,n,i,a,",", ,c,a,p,t,u,r,i,n,g, ,V,a,l,o,n,a,",", ,K,a,n,i,n,a,",", ,J,e,r,i,c,h,o, ,(,O,r,i,k,u,m,i,),",", ,a,n,d, ,r,e,a,c,h,i,n,g, ,B,u,t,r,i,n,t, ,a,f,t,e,r, ,n,u,m,e,r,o,u,s, ,p,i,l,l,a,g,e,s
., ,T,h,e,y, ,j,o,i,n,e,d, ,t,h,e, ,f,l,e,e,t, ,t,h,a,t, ,h,a,d, ,p,r,e,v,i,o,u,s,l,y, ,c,o,n,q,u,e,r,e,d, ,C,o,r,f,u, ,a,n,d, ,a,t,t,a,c,k,e,d, ,D,y,r,r,a,c,h,i,u,m, ,f,r,o,m, ,l,a,n,d, ,a,n,d, ,s,e,a,",", ,d,e,v,a,s,t,a,t,i,n,g, ,e,v,e,r,y,t,h,i,n,g, ,a,l,o,n,g, ,t,h,e, ,w,a,y
., ,U,n,d,e,r, ,t,h,e,s,e, ,h,a,r,s,h, ,c,i,r,c,u,m,s,t,a,n,c,e,s,",", ,t,h,e, ,l,o,c,a,l,s, ,a,c,c,e,p,t,e,d, ,t,h,e, ,c,a,l,l, ,o,f, ,e,m,p,e,r,o,r, ,A,l,e,x,i,u,s, ,I, ,C,o,m,n,e,n,u,s, ,t,o, ,j,o,i,n, ,f,o,r,c,e,s, ,w,i,t,h, ,t,h,e, ,B,y,z,a,n,t,i,n,e,s, ,a,g,a,i,n,s,t, ,t,h,e, ,N,o,r,m,a,n,s,., ,T,h,e, ,A,l,b,a,n,i,a,n, ,f,o,r,c,e,s, ,c,o,u,l,d, ,n,o,t, ,t,a,k,e, ,p,a,r,t, ,i,n, ,t,h,e, ,e,n,s,u,i,n,g, ,b,a,t,t,l,e, ,b,e,c,a,u,s,e, ,i,t, ,h,a,d, ,s,t,a,r,t,e,d, ,b,e,f,o,r,e, ,t,h,e,i,r, ,a,r,r,i,v,a,l
., ,I,m,m,e,d,i,a,t,e,l,y, ,b,e,f,o,r,e, ,t,h,e, ,b,a,t,t,l,e,",", ,t,h,e, ,V,e,n,e,t,i,a,n, ,f,l,e,e,t, ,h,a,d, ,s,e,c,u,r,e,d, ,a, ,v,i,c,t,o,r,y, ,i,n, ,t,h,e, ,c,o,a,s,t, ,s,u,r,r,o,u,n,d,i,n,g, ,t,h,e, ,c,i,t,y,., ,F,o,r,c,e,d, ,t,o, ,r,e,t,r,e,a,t,",", ,A,l,e,x,i,u,s, ,c,e,d,e,d, ,t,h,e, ,c,o,m,m,a,n,d, ,t,o, ,a, ,h,i,g,h, ,A,l,b,a,n,i,a,n, ,o,f,f,i,c,i,a,l, ,n,a,m,e,d, ,C,o,m,i,s,c,o,r,t,e,s, ,i,n, ,t,h,e, ,s,e,r,v,i,c,e, ,o,f, ,B,y,z,a,n,t,i,u,m
., ,T,h,e, ,c,i,t,y,',s, ,g,a,r,r,i,s,o,n, ,r,e,s,i,s,t,e,d, ,u,n,t,i,l, ,F,e,b,r,u,a,r,y, ,1,0,8,2,",", ,w,h,e,n, ,D,y,r,r,a,c,h,i,u,m, ,w,a,s, ,b,e,t,r,a,y,e,d, ,t,o, ,t,h,e, ,N,o,r,m,a,n,s, ,b,y, ,t,h,e, ,V,e,n,e,t,i,a,n, ,a,n,d, ,A,m,a,l,f,i,t,a,n, ,m,e,r,c,h,a,n,t,s, ,w,h,o, ,h,a,d, ,s,e,t,t,l,e,d, ,t,h,e,r,e
., ,T,h,e, ,N,o,r,m,a,n,s, ,w,e,r,e, ,n,o,w, ,f,r,e,e, ,t,o, ,p,e,n,e,t,r,a,t,e, ,i,n,t,o, ,t,h,e, ,h,i,n,t,e,r,l,a,n,d,;, ,t,h,e,y, ,t,o,o,k, ,I,o,a,n,n,i,n,a, ,a,n,d, ,s,o,m,e, ,m,i,n,o,r, ,c,i,t,i,e,s, ,i,n, ,s,o,u,t,h,w,e,s,t,e,r,n, ,M,a,c,e,d,o,n,i,a, ,a,n,d, ,T,h,e,s,s,a,l,y, ,b,e,f,o,r,e, ,a,p,p,e,a,r,i,n,g, ,a,t, ,t,h,e, ,g,a,t,e,s, ,o,f, ,T,h,e,s,s,a,l,o,n,i,c,a
., ,D,i,s,s,e,n,s,i,o,n, ,a,m,o,n,g, ,t,h,e, ,h,i,g,h, ,r,a,n,k,s, ,c,o,e,r,c,e,d, ,t,h,e, ,N,o,r,m,a,n,s, ,t,o, ,r,e,t,r,e,a,t, ,t,o, ,I,t,a,l,y,., ,T,h,e,y, ,l,o,s,t, ,D,y,r,r,a,c,h,i,u,m,",", ,V,a,l,o,n,a,",", ,a,n,d, ,B,u,t,r,i,n,t, ,i,n, ,1,0,8,5,",", ,a,f,t,e,r, ,t,h,e, ,d,e,a,t,h, ,o,f, ,R,o,b,e,r,t,.
A, ,f,e,w, ,y,e,a,r,s, ,a,f,t,e,r, ,t,h,e, ,F,i,r,s,t, ,C,r,u,s,a,d,e,",", ,i,n, ,1,1,0,7,",", ,t,h,e, ,N,o,r,m,a,n,s, ,u,n,d,e,r, ,t,h,e, ,c,o,m,m,a,n,d, ,o,f, ,B,o,h,e,m,o,n,d,",", ,R,o,b,e,r,t,',s, ,s,o,n,",", ,l,a,n,d,e,d, ,i,n, ,V,a,l,o,n,a, ,a,n,d, ,b,e,s,i,e,g,e,d, ,D,y,r,r,a,c,h,i,u,m, ,u,s,i,n,g, ,t,h,e, ,m,o,s,t, ,s,o,p,h,i,s,t,i,c,a,t,e,d, ,m,i,l,i,t,a,r,y, ,e,q,u,i,p,m,e,n,t, ,o,f, ,t,h,e, ,t,i,m,e,",", ,b,u,t, ,t,o, ,n,o, ,a,v,a,i,l
., ,M,e,a,n,w,h,i,l,e,",", ,t,h,e,y, ,o,c,c,u,p,i,e,d, ,P,e,t,r,e,l,a,",", ,t,h,e, ,c,i,t,a,d,e,l, ,o,f, ,M,i,l,i, ,a,t, ,t,h,e, ,b,a,n,k,s, ,o,f, ,t,h,e, ,r,i,v,e,r, ,D,e,a,b,o,l,i,s,",", ,G,l,l,a,v,e,n,i,c,a, ,(,B,a,l,l,s,h,),",", ,K,a,n,i,n,a, ,a,n,d, ,J,e,r,i,c,h,o,., ,T,h,i,s, ,t,i,m,e,",", ,t,h,e, ,A,l,b,a,n,i,a,n,s, ,s,i,d,e,d, ,w,i,t,h, ,t,h,e, ,N,o,r,m,a,n,s,",", ,d,i,s,s,a,t,i,s,f,i,e,d, ,b,y, ,t,h,e, ,h,e,a,v,y, ,t,a,x,e,s, ,t,h,e, ,B,y,z,a,n,t,i,n,e,s, ,h,a,d, ,i,m,p,o,s,e,d, ,u,p,o,n, ,t,h,e,m
., ,W,i,t,h, ,t,h,e,i,r, ,h,e,l,p,",", ,t,h,e, ,N,o,r,m,a,n,s, ,s,e,c,u,r,e,d, ,t,h,e, ,A,r,b,a,n,o,n, ,p,a,s,s,e,s, ,a,n,d, ,o,p,e,n,e,d, ,t,h,e,i,r, ,w,a,y, ,t,o, ,D,i,b,r,a
., ,T,h,e, ,l,a,c,k, ,o,f, ,s,u,p,p,l,i,e,s,",", ,d,i,s,e,a,s,e, ,a,n,d, ,B,y,z,a,n,t,i,n,e, ,r,e,s,i,s,t,a,n,c,e, ,f,o,r,c,e,d, ,B,o,h,e,m,o,n,d, ,t,o, ,r,e,t,r,e,a,t, ,f,r,o,m, ,h,i,s, ,c,a,m,p,a,i,g,n, ,a,n,d, ,s,i,g,n, ,a, ,p,e,a,c,e, ,t,r,e,a,t,y, ,w,i,t,h, ,t,h,e, ,B,y,z,a,n,t,i,n,e,s, ,i,n, ,t,h,e, ,c,i,t,y, ,o,f, ,D,e,a,b,o,l,i,s,.
T,h,e, ,f,u,r,t,h,e,r, ,d,e,c,l,i,n,e, ,o,f, ,B,y,z,a,n,t,i,n,e, ,s,t,a,t,e,-,o,f,-,a,f,f,a,i,r,s, ,p,a,v,e,d, ,t,h,e, ,r,o,a,d, ,t,o, ,a, ,t,h,i,r,d, ,a,t,t,a,c,k, ,i,n, ,1,1,8,5,",", ,w,h,e,n, ,a, ,l,a,r,g,e, ,N,o,r,m,a,n, ,a,r,m,y, ,i,n,v,a,d,e,d, ,D,y,r,r,a,c,h,i,u,m,",", ,o,w,i,n,g, ,t,o, ,t,h,e, ,b,e,t,r,a,y,a,l, ,o,f, ,h,i,g,h, ,B,y,z,a,n,t,i,n,e, ,o,f,f,i,c,i,a,l,s
., ,S,o,m,e, ,t,i,m,e, ,l,a,t,e,r,",", ,D,y,r,r,a,c,h,i,u,m,—,o,n,e, ,o,f, ,t,h,e, ,m,o,s,t, ,i,m,p,o,r,t,a,n,t, ,n,a,v,a,l, ,b,a,s,e,s, ,o,f, ,t,h,e, ,A,d,r,i,a,t,i,c,—,f,e,l,l, ,a,g,a,i,n, ,t,o, ,B,y,z,a,n,t,i,n,e, ,h,a,n,d,s,.
T,h,e, ,N,o,r,m,a,n,s, ,w,e,r,e, ,i,n, ,c,o,n,t,a,c,t, ,w,i,t,h, ,E,n,g,l,a,n,d, ,f,r,o,m, ,a,n, ,e,a,r,l,y, ,d,a,t,e,., ,N,o,t, ,o,n,l,y, ,w,e,r,e, ,t,h,e,i,r, ,o,r,i,g,i,n,a,l, ,V,i,k,i,n,g, ,b,r,e,t,h,r,e,n, ,s,t,i,l,l, ,r,a,v,a,g,i,n,g, ,t,h,e, ,E,n,g,l,i,s,h, ,c,o,a,s,t,s,",", ,t,h,e,y, ,o,c,c,u,p,i,e,d, ,m,o,s,t, ,o,f, ,t,h,e, ,i,m,p,o,r,t,a,n,t, ,p,o,r,t,s, ,o,p,p,o,s,i,t,e, ,E,n,g,l,a,n,d, ,a,c,r,o,s,s, ,t,h,e, ,E,n,g,l,i,s,h, ,C,h,a,n,n,e,l
., ,T,h,i,s, ,r,e,l,a,t,i,o,n,s,h,i,p, ,e,v,e,n,t,u,a,l,l,y, ,p,r,o,d,u,c,e,d, ,c,l,o,s,e,r, ,t,i,e,s, ,o,f, ,b,l,o,o,d, ,t,h,r,o,u,g,h, ,t,h,e, ,m,a,r,r,i,a,g,e, ,o,f, ,E,m,m,a,",", ,s,i,s,t,e,r, ,o,f, ,D,u,k,e, ,R,i,c,h,a,r,d, ,I,I, ,o,f, ,N,o,r,m,a,n,d,y,",", ,a,n,d, ,K,i,n,g, ,E,t,h,e,l,r,e,d, ,I,I, ,o,f, ,E,n,g,l,a,n,d
., ,B,e,c,a,u,s,e, ,o,f, ,t,h,i,s,",", ,E,t,h,e,l,r,e,d, ,f,l,e,d, ,t,o, ,N,o,r,m,a,n,d,y, ,i,n, ,1,0,1,3,",", ,w,h,e,n, ,h,e, ,w,a,s, ,f,o,r,c,e,d, ,f,r,o,m, ,h,i,s, ,k,i,n,g,d,o,m, ,b,y, ,S,w,e,y,n, ,F,o,r,k,b,e,a,r,d,., ,H,i,s, ,s,t,a,y, ,i,n, ,N,o,r,m,a,n,d,y, ,(,u,n,t,i,l, ,1,0,1,6,), ,i,n,f,l,u,e,n,c,e,d, ,h,i,m, ,a,n,d, ,h,i,s, ,s,o,n,s, ,b,y, ,E,m,m,a,",", ,w,h,o, ,s,t,a,y,e,d, ,i,n, ,N,o,r,m,a,n,d,y, ,a,f,t,e,r, ,C,n,u,t, ,t,h,e, ,G,r,e,a,t,',s, ,c,o,n,q,u,e,s,t, ,o,f, ,t,h,e, ,i,s,l,e,.
W,h,e,n, ,f,i,n,a,l,l,y, ,E,d,w,a,r,d, ,t,h,e, ,C,o,n,f,e,s,s,o,r, ,r,e,t,u,r,n,e,d, ,f,r,o,m, ,h,i,s, ,f,a,t,h,e,r,',s, ,r,e,f,u,g,e, ,i,n, ,1,0,4,1,",", ,a,t, ,t,h,e, ,i,n,v,i,t,a,t,i,o,n, ,o,f, ,h,i,s, ,h,a,l,f,-,b,r,o,t,h,e,r, ,H,a,r,t,h,a,c,n,u,t,",", ,h,e, ,b,r,o,u,g,h,t, ,w,i,t,h, ,h,i,m, ,a, ,N,o,r,m,a,n,-,e,d,u,c,a,t,e,d, ,m,i,n,d
., ,H,e, ,a,l,s,o, ,b,r,o,u,g,h,t, ,m,a,n,y, ,N,o,r,m,a,n, ,c,o,u,n,s,e,l,l,o,r,s, ,a,n,d, ,f,i,g,h,t,e,r,s,",", ,s,o,m,e, ,o,f, ,w,h,o,m, ,e,s,t,a,b,l,i,s,h,e,d, ,a,n, ,E,n,g,l,i,s,h, ,c,a,v,a,l,r,y, ,f,o,r,c,e,., ,T,h,i,s, ,c,o,n,c,e,p,t, ,n,e,v,e,r, ,r,e,a,l,l,y, ,t,o,o,k, ,r,o,o,t,",", ,b,u,t, ,i,t, ,i,s, ,a, ,t,y,p,i,c,a,l, ,e,x,a,m,p,l,e, ,o,f, ,t,h,e, ,a,t,t,i,t,u,d,e,s, ,o,f, ,E,d,w,a,r,d
., ,H,e, ,a,p,p,o,i,n,t,e,d, ,R,o,b,e,r,t, ,o,f, ,J,u,m,i,è,g,e,s, ,a,r,c,h,b,i,s,h,o,p, ,o,f, ,C,a,n,t,e,r,b,u,r,y, ,a,n,d, ,m,a,d,e, ,R,a,l,p,h, ,t,h,e, ,T,i,m,i,d, ,e,a,r,l, ,o,f, ,H,e,r,e,f,o,r,d
., ,H,e, ,i,n,v,i,t,e,d, ,h,i,s, ,b,r,o,t,h,e,r,-,i,n,-,l,a,w, ,E,u,s,t,a,c,e, ,I,I,",", ,C,o,u,n,t, ,o,f, ,B,o,u,l,o,g,n,e, ,t,o, ,h,i,s, ,c,o,u,r,t, ,i,n, ,1,0,5,1,",", ,a,n, ,e,v,e,n,t, ,w,h,i,c,h, ,r,e,s,u,l,t,e,d, ,i,n, ,t,h,e, ,g,r,e,a,t,e,s,t, ,o,f, ,e,a,r,l,y, ,c,o,n,f,l,i,c,t,s, ,b,e,t,w,e,e,n, ,S,a,x,o,n, ,a,n,d, ,N,o,r,m,a,n, ,a,n,d, ,u,l,t,i,m,a,t,e,l,y, ,r,e,s,u,l,t,e,d, ,i,n, ,t,h,e, ,e,x,i,l,e, ,o,f, ,E,a,r,l, ,G,o,d,w,i,n, ,o,f, ,W,e,s,s,e,x,.
I,n, ,1,0,6,6,",", ,D,u,k,e, ,W,i,l,l,i,a,m, ,I,I, ,o,f, ,N,o,r,m,a,n,d,y, ,c,o,n,q,u,e,r,e,d, ,E,n,g,l,a,n,d, ,k,i,l,l,i,n,g, ,K,i,n,g, ,H,a,r,o,l,d, ,I,I, ,a,t, ,t,h,e, ,B,a,t,t,l,e, ,o,f, ,H,a,s,t,i,n,g,s,., ,T,h,e, ,i,n,v,a,d,i,n,g, ,N,o,r,m,a,n,s, ,a,n,d, ,t,h,e,i,r, ,d,e,s,c,e,n,d,a,n,t,s, ,r,e,p,l,a,c,e,d, ,t,h,e, ,A,n,g,l,o,-,S,a,x,o,n,s, ,a,s, ,t,h,e, ,r,u,l,i,n,g, ,c,l,a,s,s, ,o,f, ,E,n,g,l,a,n,d
., ,T,h,e, ,n,o,b,i,l,i,t,y, ,o,f, ,E,n,g,l,a,n,d, ,w,e,r,e, ,p,a,r,t, ,o,f, ,a, ,s,i,n,g,l,e, ,N,o,r,m,a,n,s, ,c,u,l,t,u,r,e, ,a,n,d, ,m,a,n,y, ,h,a,d, ,l,a,n,d,s, ,o,n, ,b,o,t,h, ,s,i,d,e,s, ,o,f, ,t,h,e, ,c,h,a,n,n,e,l,., ,E,a,r,l,y, ,N,o,r,m,a,n, ,k,i,n,g,s, ,o,f, ,E,n,g,l,a,n,d,",", ,a,s, ,D,u,k,e,s, ,o,f, ,N,o,r,m,a,n,d,y,",", ,o,w,e,d, ,h,o,m,a,g,e, ,t,o, ,t,h,e, ,K,i,n,g, ,o,f, ,F,r,a,n,c,e, ,f,o,r, ,t,h,e,i,r, ,l,a,n,d, ,o,n, ,t,h,e, ,c,o,n,t,i,n,e,n,t
., ,T,h,e,y, ,c,o,n,s,i,d,e,r,e,d, ,E,n,g,l,a,n,d, ,t,o, ,b,e, ,t,h,e,i,r, ,m,o,s,t, ,i,m,p,o,r,t,a,n,t, ,h,o,l,d,i,n,g, ,(,i,t, ,b,r,o,u,g,h,t, ,w,i,t,h, ,i,t, ,t,h,e, ,t,i,t,l,e, ,o,f, ,K,i,n,g,—,a,n, ,i,m,p,o,r,t,a,n,t, ,s,t,a,t,u,s, ,s,y,m,b,o,l,),.
E,v,e,n,t,u,a,l,l,y,",", ,t,h,e, ,N,o,r,m,a,n,s, ,m,e,r,g,e,d, ,w,i,t,h, ,t,h,e, ,n,a,t,i,v,e,s,",", ,c,o,m,b,i,n,i,n,g, ,l,a,n,g,u,a,g,e,s, ,a,n,d, ,t,r,a,d,i,t,i,o,n,s,., ,I,n, ,t,h,e, ,c,o,u,r,s,e, ,o,f, ,t,h,e, ,H,u,n,d,r,e,d, ,Y,e,a,r,s,', ,W,a,r,",", ,t,h,e, ,N,o,r,m,a,n, ,a,r,i,s,t,o,c,r,a,c,y, ,o,f,t,e,n, ,i,d,e,n,t,i,f,i,e,d, ,t,h,e,m,s,e,l,v,e,s, ,a,s, ,E,n,g,l,i,s,h
., ,T,h,e, ,A,n,g,l,o,-,N,o,r,m,a,n, ,l,a,n,g,u,a,g,e, ,b,e,c,a,m,e, ,d,i,s,t,i,n,c,t, ,f,r,o,m, ,t,h,e, ,L,a,t,i,n, ,l,a,n,g,u,a,g,e,",", ,s,o,m,e,t,h,i,n,g, ,t,h,a,t, ,w,a,s, ,t,h,e, ,s,u,b,j,e,c,t, ,o,f, ,s,o,m,e, ,h,u,m,o,u,r, ,b,y, ,G,e,o,f,f,r,e,y, ,C,h,a,u,c,e,r
., ,T,h,e, ,A,n,g,l,o,-,N,o,r,m,a,n, ,l,a,n,g,u,a,g,e, ,w,a,s, ,e,v,e,n,t,u,a,l,l,y, ,a,b,s,o,r,b,e,d, ,i,n,t,o, ,t,h,e, ,A,n,g,l,o,-,S,a,x,o,n, ,l,a,n,g,u,a,g,e, ,o,f, ,t,h,e,i,r, ,s,u,b,j,e,c,t,s, ,(,s,e,e, ,O,l,d, ,E,n,g,l,i,s,h,), ,a,n,d, ,i,n,f,l,u,e,n,c,e,d, ,i,t,",", ,h,e,l,p,i,n,g, ,(,a,l,o,n,g, ,w,i,t,h, ,t,h,e, ,N,o,r,s,e, ,l,a,n,g,u,a,g,e, ,o,f, ,t,h,e, ,e,a,r,l,i,e,r, ,A,n,g,l,o,-,N,o,r,s,e, ,s,e,t,t,l,e,r,s, ,a,n,d, ,t,h,e, ,L,a,t,i,n, ,u,s,e,d, ,b,y, ,t,h,e, ,c,h,u,r,c,h,), ,i,n, ,t,h,e
u,s,e,d, ,b,y, ,t,h,e, ,c,h,u,r,c,h,), ,i,n, ,t,h,e, ,d,e,v,e,l,o,p,m,e,n,t, ,o,f, ,M,i,d,d,l,e, ,E,n,g,l,i,s,h
., ,I,t, ,i,n, ,t,u,r,n, ,e,v,o,l,v,e,d, ,i,n,t,o, ,M,o,d,e,r,n, ,E,n,g,l,i,s,h,.
T,h,e, ,N,o,r,m,a,n,s, ,h,a,d, ,a, ,p,r,o,f,o,u,n,d, ,e,f,f,e,c,t, ,o,n, ,I,r,i,s,h, ,c,u,l,t,u,r,e, ,a,n,d, ,h,i,s,t,o,r,y, ,a,f,t,e,r, ,t,h,e,i,r, ,i,n,v,a,s,i,o,n, ,a,t, ,B,a,n,n,o,w, ,B,a,y, ,i,n, ,1,1,6,9,., ,I,n,i,t,i,a,l,l,y, ,t,h,e, ,N,o,r,m,a,n,s, ,m,a,i,n,t,a,i,n,e,d, ,a, ,d,i,s,t,i,n,c,t, ,c,u,l,t,u,r,e, ,a,n,d, ,e,t,h,n,i,c,i,t,y
., ,Y,e,t,",", ,w,i,t,h, ,t,i,m,e,",", ,t,h,e,y, ,c,a,m,e, ,t,o, ,b,e, ,s,u,b,s,u,m,e,d, ,i,n,t,o, ,I,r,i,s,h, ,c,u,l,t,u,r,e, ,t,o, ,t,h,e, ,p,o,i,n,t, ,t,h,a,t, ,i,t, ,h,a,s, ,b,e,e,n, ,s,a,i,d, ,t,h,a,t, ,t,h,e,y, ,b,e,c,a,m,e, ,"""",m,o,r,e, ,I,r,i,s,h, ,t,h,a,n, ,t,h,e, ,I,r,i,s,h, ,t,h,e,m,s,e,l,v,e,s,.,"""", ,T,h,e, ,N,o,r,m,a,n,s, ,s,e,t,t,l,e,d, ,m,o,s,t,l,y, ,i,n, ,a,n, ,a,r,e,a, ,i,n, ,t,h,e, ,e,a,s,t, ,o,f, ,I,r,e,l,a,n,d,",", ,l,a,t,e,r, ,k,n,o,w,n, ,a,s, ,t,h,e, ,P,a,l,e,",", ,a,n,d, ,a,l,s,o, ,b,u,i,l,t
a,s, ,t,h,e, ,P,a,l,e,",", ,a,n,d, ,a,l,s,o, ,b,u,i,l,t, ,m,a,n,y, ,f,i,n,e, ,c,a,s,t,l,e,s, ,a,n,d, ,s,e,t,t,l,e,m,e,n,t,s,",", ,i,n,c,l,u,d,i,n,g, ,T,r,i,m, ,C,a,s,t,l,e, ,a,n,d, ,D,u,b,l,i,n, ,C,a,s,t,l,e
., ,B,o,t,h, ,c,u,l,t,u,r,e,s, ,i,n,t,e,r,m,i,x,e,d,",", ,b,o,r,r,o,w,i,n,g, ,f,r,o,m, ,e,a,c,h, ,o,t,h,e,r,',s, ,l,a,n,g,u,a,g,e,",", ,c,u,l,t,u,r,e, ,a,n,d, ,o,u,t,l,o,o,k,., ,N,o,r,m,a,n, ,d,e,s,c,e,n,d,a,n,t,s, ,t,o,d,a,y, ,c,a,n, ,b,e, ,r,e,c,o,g,n,i,s,e,d, ,b,y, ,t,h,e,i,r, ,s,u,r,n,a,m,e,s
., ,N,a,m,e,s, ,s,u,c,h, ,a,s, ,F,r,e,n,c,h,",", ,(,D,e,), ,R,o,c,h,e,",", ,D,e,v,e,r,e,u,x,",", ,D,',A,r,c,y,",", ,T,r,e,a,c,y, ,a,n,d, ,L,a,c,y, ,a,r,e, ,p,a,r,t,i,c,u,l,a,r,l,y, ,c,o,m,m,o,n, ,i,n, ,t,h,e, ,s,o,u,t,h,e,a,s,t, ,o,f, ,I,r,e,l,a,n,d,",", ,e,s,p,e,c,i,a,l,l,y, ,i,n, ,t,h,e, ,s,o,u,t,h,e,r,n, ,p,a,r,t, ,o,f, ,C,o,u,n,t,y, ,W,e,x,f,o,r,d, ,w,h,e,r,e, ,t,h,e, ,f,i,r,s,t, ,N,o,r,m,a,n, ,s,e,t,t,l,e,m,e,n,t,s, ,w,e,r,e, ,e,s,t,a,b,l,i,s,h,e,d
., ,O,t,h,e,r, ,N,o,r,m,a,n, ,n,a,m,e,s, ,s,u,c,h, ,a,s, ,F,u,r,l,o,n,g, ,p,r,e,d,o,m,i,n,a,t,e, ,t,h,e,r,e,., ,A,n,o,t,h,e,r, ,c,o,m,m,o,n, ,N,o,r,m,a,n,-,I,r,i,s,h, ,n,a,m,e, ,w,a,s, ,M,o,r,e,l,l, ,(,M,u,r,r,e,l,l,), ,d,e,r,i,v,e,d, ,f,r,o,m, ,t,h,e, ,F,r,e,n,c,h, ,N,o,r,m,a,n, ,n,a,m,e, ,M,o,r,e,l,., ,O,t,h,e,r, ,n,a,m,e,s, ,b,e,g,i,n,n,i,n,g, ,w,i,t,h, ,F,i,t,z, ,(,f,r,o,m, ,t,h,e, ,N,o,r,m,a,n, ,f,o,r, ,s,o,n,), ,i,n,d,i,c,a,t,e, ,N,o,r,m,a,n, ,a,n,c,e,s,t,r,y
., ,T,h,e,s,e, ,i,n,c,l,u,d,e,d, ,F,i,t,z,g,e,r,a,l,d,",", ,F,i,t,z,G,i,b,b,o,n,s, ,(,G,i,b,b,o,n,s,), ,d,y,n,a,s,t,y,",", ,F,i,t,z,m,a,u,r,i,c,e,., ,O,t,h,e,r, ,f,a,m,i,l,i,e,s, ,b,e,a,r,i,n,g, ,s,u,c,h, ,s,u,r,n,a,m,e,s, ,a,s, ,B,a,r,r,y, ,(,d,e, ,B,a,r,r,a,), ,a,n,d, ,D,e, ,B,ú,r,c,a, ,(,B,u,r,k,e,), ,a,r,e, ,a,l,s,o, ,o,f, ,N,o,r,m,a,n, ,e,x,t,r,a,c,t,i,o,n,.
O,n,e, ,o,f, ,t,h,e, ,c,l,a,i,m,a,n,t,s, ,o,f, ,t,h,e, ,E,n,g,l,i,s,h, ,t,h,r,o,n,e, ,o,p,p,o,s,i,n,g, ,W,i,l,l,i,a,m, ,t,h,e, ,C,o,n,q,u,e,r,o,r,",", ,E,d,g,a,r, ,A,t,h,e,l,i,n,g,",", ,e,v,e,n,t,u,a,l,l,y, ,f,l,e,d, ,t,o, ,S,c,o,t,l,a,n,d
., ,K,i,n,g, ,M,a,l,c,o,l,m, ,I,I,I, ,o,f, ,S,c,o,t,l,a,n,d, ,m,a,r,r,i,e,d, ,E,d,g,a,r,',s, ,s,i,s,t,e,r, ,M,a,r,g,a,r,e,t,",", ,a,n,d, ,c,a,m,e, ,i,n,t,o, ,o,p,p,o,s,i,t,i,o,n, ,t,o, ,W,i,l,l,i,a,m, ,w,h,o, ,h,a,d, ,a,l,r,e,a,d,y, ,d,i,s,p,u,t,e,d, ,S,c,o,t,l,a,n,d,',s, ,s,o,u,t,h,e,r,n, ,b,o,r,d,e,r,s,., ,W,i,l,l,i,a,m, ,i,n,v,a,d,e,d, ,S,c,o,t,l,a,n,d, ,i,n, ,1,0,7,2,",", ,r,i,d,i,n,g, ,a,s, ,f,a,r, ,a,s, ,A,b,e,r,n,e,t,h,y, ,w,h,e,r,e, ,h,e, ,m,e,t, ,u,p, ,w,i,t,h, ,h,i,s, ,f,l,e,e,t, ,o,f, ,s,h,i,p,s
., ,M,a,l,c,o,l,m, ,s,u,b,m,i,t,t,e,d,",", ,p,a,i,d, ,h,o,m,a,g,e, ,t,o, ,W,i,l,l,i,a,m, ,a,n,d, ,s,u,r,r,e,n,d,e,r,e,d, ,h,i,s, ,s,o,n, ,D,u,n,c,a,n, ,a,s, ,a, ,h,o,s,t,a,g,e,",", ,b,e,g,i,n,n,i,n,g, ,a, ,s,e,r,i,e,s, ,o,f, ,a,r,g,u,m,e,n,t,s, ,a,s, ,t,o, ,w,h,e,t,h,e,r, ,t,h,e, ,S,c,o,t,t,i,s,h, ,C,r,o,w,n, ,o,w,e,d, ,a,l,l,e,g,i,a,n,c,e, ,t,o, ,t,h,e, ,K,i,n,g, ,o,f, ,E,n,g,l,a,n,d,.
N,o,r,m,a,n,s, ,c,a,m,e, ,i,n,t,o, ,S,c,o,t,l,a,n,d,",", ,b,u,i,l,d,i,n,g, ,c,a,s,t,l,e,s, ,a,n,d, ,f,o,u,n,d,i,n,g, ,n,o,b,l,e, ,f,a,m,i,l,i,e,s, ,w,h,o, ,w,o,u,l,d, ,p,r,o,v,i,d,e, ,s,o,m,e, ,f,u,t,u,r,e, ,k,i,n,g,s,",", ,s,u,c,h, ,a,s, ,R,o,b,e,r,t, ,t,h,e, ,B,r,u,c,e,",", ,a,s, ,w,e,l,l, ,a,s, ,f,o,u,n,d,i,n,g, ,a, ,c,o,n,s,i,d,e,r,a,b,l,e, ,n,u,m,b,e,r, ,o,f, ,t,h,e, ,S,c,o,t,t,i,s,h, ,c,l,a,n,s
., ,K,i,n,g, ,D,a,v,i,d, ,I, ,o,f, ,S,c,o,t,l,a,n,d,",", ,w,h,o,s,e, ,e,l,d,e,r, ,b,r,o,t,h,e,r, ,A,l,e,x,a,n,d,e,r, ,I, ,h,a,d, ,m,a,r,r,i,e,d, ,S,y,b,i,l,l,a, ,o,f, ,N,o,r,m,a,n,d,y,",", ,w,a,s, ,i,n,s,t,r,u,m,e,n,t,a,l, ,i,n, ,i,n,t,r,o,d,u,c,i,n,g, ,N,o,r,m,a,n,s, ,a,n,d, ,N,o,r,m,a,n, ,c,u,l,t,u,r,e, ,t,o, ,S,c,o,t,l,a,n,d,",", ,p,a,r,t, ,o,f, ,t,h,e, ,p,r,o,c,e,s,s, ,s,o,m,e, ,s,c,h,o,l,a,r,s, ,c,a,l,l, ,t,h,e, ,"""",D,a,v,i,d,i,a,n, ,R,e,v,o,l,u,t,i,o,n,""""
., ,H,a,v,i,n,g, ,s,p,e,n,t, ,t,i,m,e, ,a,t, ,t,h,e, ,c,o,u,r,t, ,o,f, ,H,e,n,r,y, ,I, ,o,f, ,E,n,g,l,a,n,d, ,(,m,a,r,r,i,e,d, ,t,o, ,D,a,v,i,d,',s, ,s,i,s,t,e,r, ,M,a,u,d, ,o,f, ,S,c,o,t,l,a,n,d,),",", ,a,n,d, ,n,e,e,d,i,n,g, ,t,h,e,m, ,t,o, ,w,r,e,s,t,l,e, ,t,h,e, ,k,i,n,g,d,o,m, ,f,r,o,m, ,h,i,s, ,h,a,l,f,-,b,r,o,t,h,e,r, ,M,á,e,l, ,C,o,l,u,i,m, ,m,a,c, ,A,l,a,x,a,n,d,a,i,r,",", ,D,a,v,i,d, ,h,a,d, ,t,o, ,r,e,w,a,r,d, ,m,a,n,y, ,w,i,t,h, ,l,a,n,d,s
., ,T,h,e, ,p,r,o,c,e,s,s, ,w,a,s, ,c,o,n,t,i,n,u,e,d, ,u,n,d,e,r, ,D,a,v,i,d,',s, ,s,u,c,c,e,s,s,o,r,s,",", ,m,o,s,t, ,i,n,t,e,n,s,e,l,y, ,o,f, ,a,l,l, ,u,n,d,e,r, ,W,i,l,l,i,a,m, ,t,h,e, ,L,i,o,n,., ,T,h,e, ,N,o,r,m,a,n,-,d,e,r,i,v,e,d, ,f,e,u,d,a,l, ,s,y,s,t,e,m, ,w,a,s, ,a,p,p,l,i,e,d, ,i,n, ,v,a,r,y,i,n,g, ,d,e,g,r,e,e,s, ,t,o, ,m,o,s,t, ,o,f, ,S,c,o,t,l,a,n,d
., ,S,c,o,t,t,i,s,h, ,f,a,m,i,l,i,e,s, ,o,f, ,t,h,e, ,n,a,m,e,s, ,B,r,u,c,e,",", ,G,r,a,y,",", ,R,a,m,s,a,y,",", ,F,r,a,s,e,r,",", ,O,g,i,l,v,i,e,",", ,M,o,n,t,g,o,m,e,r,y,",", ,S,i,n,c,l,a,i,r,",", ,P,o,l,l,o,c,k,",", ,B,u,r,n,a,r,d,",", ,D,o,u,g,l,a,s, ,a,n,d, ,G,o,r,d,o,n, ,t,o, ,n,a,m,e, ,b,u,t, ,a, ,f,e,w,",", ,a,n,d, ,i,n,c,l,u,d,i,n,g, ,t,h,e, ,l,a,t,e,r, ,r,o,y,a,l, ,H,o,u,s,e, ,o,f, ,S,t,e,w,a,r,t,",", ,c,a,n, ,a,l,l, ,b,e, ,t,r,a,c,e,d, ,b,a,c,k, ,t,o, ,N,o,r,m,a,n, ,a,n,c,e,s,t,r,y,.
E,v,e,n, ,b,e,f,o,r,e, ,t,h,e, ,N,o,r,m,a,n, ,C,o,n,q,u,e,s,t, ,o,f, ,E,n,g,l,a,n,d,",", ,t,h,e, ,N,o,r,m,a,n,s, ,h,a,d, ,c,o,m,e, ,i,n,t,o, ,c,o,n,t,a,c,t, ,w,i,t,h, ,W,a,l,e,s,., ,E,d,w,a,r,d, ,t,h,e, ,C,o,n,f,e,s,s,o,r, ,h,a,d, ,s,e,t, ,u,p, ,t,h,e, ,a,f,o,r,e,m,e,n,t,i,o,n,e,d, ,R,a,l,p,h, ,a,s, ,e,a,r,l, ,o,f, ,H,e,r,e,f,o,r,d, ,a,n,d, ,c,h,a,r,g,e,d, ,h,i,m, ,w,i,t,h, ,d,e,f,e,n,d,i,n,g, ,t,h,e, ,M,a,r,c,h,e,s, ,a,n,d, ,w,a,r,r,i,n,g, ,w,i,t,h, ,t,h,e, ,W,e,l,s,h
., ,I,n, ,t,h,e,s,e, ,o,r,i,g,i,n,a,l, ,v,e,n,t,u,r,e,s,",", ,t,h,e, ,N,o,r,m,a,n,s, ,f,a,i,l,e,d, ,t,o, ,m,a,k,e, ,a,n,y, ,h,e,a,d,w,a,y, ,i,n,t,o, ,W,a,l,e,s,.
S,u,b,s,e,q,u,e,n,t, ,t,o, ,t,h,e, ,C,o,n,q,u,e,s,t,",", ,h,o,w,e,v,e,r,",", ,t,h,e, ,M,a,r,c,h,e,s, ,c,a,m,e, ,c,o,m,p,l,e,t,e,l,y, ,u,n,d,e,r, ,t,h,e, ,d,o,m,i,n,a,n,c,e, ,o,f, ,W,i,l,l,i,a,m,',s, ,m,o,s,t, ,t,r,u,s,t,e,d, ,N,o,r,m,a,n, ,b,a,r,o,n,s,",", ,i,n,c,l,u,d,i,n,g, ,B,e,r,n,a,r,d, ,d,e, ,N,e,u,f,m,a,r,c,h,é,",", ,R,o,g,e,r, ,o,f, ,M,o,n,t,g,o,m,e,r,y, ,i,n, ,S,h,r,o,p,s,h,i,r,e, ,a,n,d, ,H,u,g,h, ,L,u,p,u,s, ,i,n, ,C,h,e,s,h,i,r,e
., ,T,h,e,s,e, ,N,o,r,m,a,n,s, ,b,e,g,a,n, ,a, ,l,o,n,g, ,p,e,r,i,o,d, ,o,f, ,s,l,o,w, ,c,o,n,q,u,e,s,t, ,d,u,r,i,n,g, ,w,h,i,c,h, ,a,l,m,o,s,t, ,a,l,l, ,o,f, ,W,a,l,e,s, ,w,a,s, ,a,t, ,s,o,m,e, ,p,o,i,n,t, ,s,u,b,j,e,c,t, ,t,o, ,N,o,r,m,a,n, ,i,n,t,e,r,f,e,r,e,n,c,e,., ,N,o,r,m,a,n, ,w,o,r,d,s,",", ,s,u,c,h, ,a,s, ,b,a,r,o,n, ,(,b,a,r,w,n,),",", ,f,i,r,s,t, ,e,n,t,e,r,e,d, ,W,e,l,s,h, ,a,t, ,t,h,a,t, ,t,i,m,e,.
T,h,e, ,l,e,g,e,n,d,a,r,y, ,r,e,l,i,g,i,o,u,s, ,z,e,a,l, ,o,f, ,t,h,e, ,N,o,r,m,a,n,s, ,w,a,s, ,e,x,e,r,c,i,s,e,d, ,i,n, ,r,e,l,i,g,i,o,u,s, ,w,a,r,s, ,l,o,n,g, ,b,e,f,o,r,e, ,t,h,e, ,F,i,r,s,t, ,C,r,u,s,a,d,e, ,c,a,r,v,e,d, ,o,u,t, ,a, ,N,o,r,m,a,n, ,p,r,i,n,c,i,p,a,l,i,t,y, ,i,n, ,A,n,t,i,o,c,h,., ,T,h,e,y, ,w,e,r,e, ,m,a,j,o,r, ,f,o,r,e,i,g,n, ,p,a,r,t,i,c,i,p,a,n,t,s, ,i,n, ,t,h,e, ,R,e,c,o,n,q,u,i,s,t,a, ,i,n, ,I,b,e,r,i,a
., ,I,n, ,1,0,1,8,",", ,R,o,g,e,r, ,d,e, ,T,o,s,n,y, ,t,r,a,v,e,l,l,e,d, ,t,o, ,t,h,e, ,I,b,e,r,i,a,n, ,P,e,n,i,n,s,u,l,a, ,t,o, ,c,a,r,v,e, ,o,u,t, ,a, ,s,t,a,t,e, ,f,o,r, ,h,i,m,s,e,l,f, ,f,r,o,m, ,M,o,o,r,i,s,h, ,l,a,n,d,s,",", ,b,u,t, ,f,a,i,l,e,d,., ,I,n, ,1,0,6,4,",", ,d,u,r,i,n,g, ,t,h,e, ,W,a,r, ,o,f, ,B,a,r,b,a,s,t,r,o,",", ,W,i,l,l,i,a,m, ,o,f, ,M,o,n,t,r,e,u,i,l, ,l,e,d, ,t,h,e, ,p,a,p,a,l, ,a,r,m,y, ,a,n,d, ,t,o,o,k, ,a, ,h,u,g,e, ,b,o,o,t,y,.
I,n, ,1,0,9,6,",", ,C,r,u,s,a,d,e,r,s, ,p,a,s,s,i,n,g, ,b,y, ,t,h,e, ,s,i,e,g,e, ,o,f, ,A,m,a,l,f,i, ,w,e,r,e, ,j,o,i,n,e,d, ,b,y, ,B,o,h,e,m,o,n,d, ,o,f, ,T,a,r,a,n,t,o, ,a,n,d, ,h,i,s, ,n,e,p,h,e,w, ,T,a,n,c,r,e,d, ,w,i,t,h, ,a,n, ,a,r,m,y, ,o,f, ,I,t,a,l,o,-,N,o,r,m,a,n,s,., ,B,o,h,e,m,o,n,d, ,w,a,s, ,t,h,e, ,d,e, ,f,a,c,t,o, ,l,e,a,d,e,r, ,o,f, ,t,h,e, ,C,r,u,s,a,d,e, ,d,u,r,i,n,g, ,i,t,s, ,p,a,s,s,a,g,e, ,t,h,r,o,u,g,h, ,A,s,i,a, ,M,i,n,o,r
., ,A,f,t,e,r, ,t,h,e, ,s,u,c,c,e,s,s,f,u,l, ,S,i,e,g,e, ,o,f, ,A,n,t,i,o,c,h, ,i,n, ,1,0,9,7,",", ,B,o,h,e,m,o,n,d, ,b,e,g,a,n, ,c,a,r,v,i,n,g, ,o,u,t, ,a,n, ,i,n,d,e,p,e,n,d,e,n,t, ,p,r,i,n,c,i,p,a,l,i,t,y, ,a,r,o,u,n,d, ,t,h,a,t, ,c,i,t,y
., ,T,a,n,c,r,e,d, ,w,a,s, ,i,n,s,t,r,u,m,e,n,t,a,l, ,i,n, ,t,h,e, ,c,o,n,q,u,e,s,t, ,o,f, ,J,e,r,u,s,a,l,e,m, ,a,n,d, ,h,e, ,w,o,r,k,e,d, ,f,o,r, ,t,h,e, ,e,x,p,a,n,s,i,o,n, ,o,f, ,t,h,e, ,C,r,u,s,a,d,e,r, ,k,i,n,g,d,o,m, ,i,n, ,T,r,a,n,s,j,o,r,d,a,n, ,a,n,d, ,t,h,e, ,r,e,g,i,o,n, ,o,f, ,G,a,l,i,l,e,e,.,[,c,i,t,a,t,i,o,n, ,n,e,e,d,e,d,]
T,h,e, ,c,o,n,q,u,e,s,t, ,o,f, ,C,y,p,r,u,s, ,b,y, ,t,h,e, ,A,n,g,l,o,-,N,o,r,m,a,n, ,f,o,r,c,e,s, ,o,f, ,t,h,e, ,T,h,i,r,d, ,C,r,u,s,a,d,e, ,o,p,e,n,e,d, ,a, ,n,e,w, ,c,h,a,p,t,e,r, ,i,n, ,t,h,e, ,h,i,s,t,o,r,y, ,o,f, ,t,h,e, ,i,s,l,a,n,d,",", ,w,h,i,c,h, ,w,o,u,l,d, ,b,e, ,u,n,d,e,r, ,W,e,s,t,e,r,n, ,E,u,r,o,p,e,a,n, ,d,o,m,i,n,a,t,i,o,n, ,f,o,r, ,t,h,e, ,f,o,l,l,o,w,i,n,g, ,3,8,0, ,y,e,a,r,s
., ,A,l,t,h,o,u,g,h, ,n,o,t, ,p,a,r,t, ,o,f, ,a, ,p,l,a,n,n,e,d, ,o,p,e,r,a,t,i,o,n,",", ,t,h,e, ,c,o,n,q,u,e,s,t, ,h,a,d, ,m,u,c,h, ,m,o,r,e, ,p,e,r,m,a,n,e,n,t, ,r,e,s,u,l,t,s, ,t,h,a,n, ,i,n,i,t,i,a,l,l,y, ,e,x,p,e,c,t,e,d,.
I,n, ,A,p,r,i,l, ,1,1,9,1, ,R,i,c,h,a,r,d, ,t,h,e, ,L,i,o,n,-,h,e,a,r,t,e,d, ,l,e,f,t, ,M,e,s,s,i,n,a, ,w,i,t,h, ,a, ,l,a,r,g,e, ,f,l,e,e,t, ,i,n, ,o,r,d,e,r, ,t,o, ,r,e,a,c,h, ,A,c,r,e,., ,B,u,t, ,a, ,s,t,o,r,m, ,d,i,s,p,e,r,s,e,d, ,t,h,e, ,f,l,e,e,t
., ,A,f,t,e,r, ,s,o,m,e, ,s,e,a,r,c,h,i,n,g,",", ,i,t, ,w,a,s, ,d,i,s,c,o,v,e,r,e,d, ,t,h,a,t, ,t,h,e, ,b,o,a,t, ,c,a,r,r,y,i,n,g, ,h,i,s, ,s,i,s,t,e,r, ,a,n,d, ,h,i,s, ,f,i,a,n,c,é,e, ,B,e,r,e,n,g,a,r,i,a, ,w,a,s, ,a,n,c,h,o,r,e,d, ,o,n, ,t,h,e, ,s,o,u,t,h, ,c,o,a,s,t, ,o,f, ,C,y,p,r,u,s,",", ,t,o,g,e,t,h,e,r, ,w,i,t,h, ,t,h,e, ,w,r,e,c,k,s, ,o,f, ,s,e,v,e,r,a,l, ,o,t,h,e,r, ,s,h,i,p,s,",", ,i,n,c,l,u,d,i,n,g, ,t,h,e, ,t,r,e,a,s,u,r,e, ,s,h,i,p
., ,S,u,r,v,i,v,o,r,s, ,o,f, ,t,h,e, ,w,r,e,c,k,s, ,h,a,d, ,b,e,e,n, ,t,a,k,e,n, ,p,r,i,s,o,n,e,r, ,b,y, ,t,h,e, ,i,s,l,a,n,d,',s, ,d,e,s,p,o,t, ,I,s,a,a,c, ,K,o,m,n,e,n,o,s,., ,O,n, ,1, ,M,a,y, ,1,1,9,1,",", ,R,i,c,h,a,r,d,',s, ,f,l,e,e,t, ,a,r,r,i,v,e,d, ,i,n, ,t,h,e, ,p,o,r,t, ,o,f, ,L,i,m,a,s,s,o,l, ,o,n, ,C,y,p,r,u,s,., ,H,e, ,o,r,d,e,r,e,d, ,I,s,a,a,c, ,t,o, ,r,e,l,e,a,s,e, ,t,h,e, ,p,r,i,s,o,n,e,r,s, ,a,n,d, ,t,h,e, ,t,r,e,a,s,u,r,e
., ,I,s,a,a,c, ,r,e,f,u,s,e,d,",", ,s,o, ,R,i,c,h,a,r,d, ,l,a,n,d,e,d, ,h,i,s, ,t,r,o,o,p,s, ,a,n,d, ,t,o,o,k, ,L,i,m,a,s,s,o,l,.
V,a,r,i,o,u,s, ,p,r,i,n,c,e,s, ,o,f, ,t,h,e, ,H,o,l,y, ,L,a,n,d, ,a,r,r,i,v,e,d, ,i,n, ,L,i,m,a,s,s,o,l, ,a,t, ,t,h,e, ,s,a,m,e, ,t,i,m,e,",", ,i,n, ,p,a,r,t,i,c,u,l,a,r, ,G,u,y, ,d,e, ,L,u,s,i,g,n,a,n,., ,A,l,l, ,d,e,c,l,a,r,e,d, ,t,h,e,i,r, ,s,u,p,p,o,r,t, ,f,o,r, ,R,i,c,h,a,r,d, ,p,r,o,v,i,d,e,d, ,t,h,a,t, ,h,e, ,s,u,p,p,o,r,t, ,G,u,y, ,a,g,a,i,n,s,t, ,h,i,s, ,r,i,v,a,l, ,C,o,n,r,a,d, ,o,f, ,M,o,n,t,f,e,r,r,a,t
., ,T,h,e, ,l,o,c,a,l, ,b,a,r,o,n,s, ,a,b,a,n,d,o,n,e,d, ,I,s,a,a,c,",", ,w,h,o, ,c,o,n,s,i,d,e,r,e,d, ,m,a,k,i,n,g, ,p,e,a,c,e, ,w,i,t,h, ,R,i,c,h,a,r,d,",", ,j,o,i,n,i,n,g, ,h,i,m, ,o,n, ,t,h,e, ,c,r,u,s,a,d,e,",", ,a,n,d, ,o,f,f,e,r,i,n,g, ,h,i,s, ,d,a,u,g,h,t,e,r, ,i,n, ,m,a,r,r,i,a,g,e, ,t,o, ,t,h,e, ,p,e,r,s,o,n, ,n,a,m,e,d, ,b,y, ,R,i,c,h,a,r,d,., ,B,u,t, ,I,s,a,a,c, ,c,h,a,n,g,e,d, ,h,i,s, ,m,i,n,d, ,a,n,d, ,t,r,i,e,d, ,t,o, ,e,s,c,a,p,e
., ,R,i,c,h,a,r,d, ,t,h,e,n, ,p,r,o,c,e,e,d,e,d, ,t,o, ,c,o,n,q,u,e,r, ,t,h,e, ,w,h,o,l,e, ,i,s,l,a,n,d,",", ,h,i,s, ,t,r,o,o,p,s, ,b,e,i,n,g, ,l,e,d, ,b,y, ,G,u,y, ,d,e, ,L,u,s,i,g,n,a,n,., ,I,s,a,a,c, ,s,u,r,r,e,n,d,e,r,e,d, ,a,n,d, ,w,a,s, ,c,o,n,f,i,n,e,d, ,w,i,t,h, ,s,i,l,v,e,r, ,c,h,a,i,n,s,",", ,b,e,c,a,u,s,e, ,R,i,c,h,a,r,d, ,h,a,d, ,p,r,o,m,i,s,e,d, ,t,h,a,t, ,h,e, ,w,o,u,l,d, ,n,o,t, ,p,l,a,c,e, ,h,i,m, ,i,n, ,i,r,o,n,s
., ,B,y, ,1, ,J,u,n,e,",", ,R,i,c,h,a,r,d, ,h,a,d, ,c,o,n,q,u,e,r,e,d, ,t,h,e, ,w,h,o,l,e, ,i,s,l,a,n,d,., ,H,i,s, ,e,x,p,l,o,i,t, ,w,a,s, ,w,e,l,l, ,p,u,b,l,i,c,i,z,e,d, ,a,n,d, ,c,o,n,t,r,i,b,u,t,e,d, ,t,o, ,h,i,s, ,r,e,p,u,t,a,t,i,o,n,;, ,h,e, ,a,l,s,o, ,d,e,r,i,v,e,d, ,s,i,g,n,i,f,i,c,a,n,t, ,f,i,n,a,n,c,i,a,l, ,g,a,i,n,s, ,f,r,o,m, ,t,h,e, ,c,o,n,q,u,e,s,t, ,o,f, ,t,h,e, ,i,s,l,a,n,d,., ,R,i,c,h,a,r,d, ,l,e,f,t, ,f,o,r, ,A,c,r,e, ,o,n, ,5, ,J,u,n,e,",", ,w,i,t,h, ,h,i,s, ,a,l,l,i,e,s
., ,B,e,f,o,r,e, ,h,i,s, ,d,e,p,a,r,t,u,r,e,",", ,h,e, ,n,a,m,e,d, ,t,w,o, ,o,f, ,h,i,s, ,N,o,r,m,a,n, ,g,e,n,e,r,a,l,s,",", ,R,i,c,h,a,r,d, ,d,e, ,C,a,m,v,i,l,l,e, ,a,n,d, ,R,o,b,e,r,t, ,d,e, ,T,h,o,r,n,h,a,m,",", ,a,s, ,g,o,v,e,r,n,o,r,s, ,o,f, ,C,y,p,r,u,s,.
B,e,t,w,e,e,n, ,1,4,0,2, ,a,n,d, ,1,4,0,5,",", ,t,h,e, ,e,x,p,e,d,i,t,i,o,n, ,l,e,d, ,b,y, ,t,h,e, ,N,o,r,m,a,n, ,n,o,b,l,e, ,J,e,a,n, ,d,e, ,B,e,t,h,e,n,c,o,u,r,t, ,a,n,d, ,t,h,e, ,P,o,i,t,e,v,i,n,e, ,G,a,d,i,f,e,r, ,d,e, ,l,a, ,S,a,l,l,e, ,c,o,n,q,u,e,r,e,d, ,t,h,e, ,C,a,n,a,r,i,a,n, ,i,s,l,a,n,d,s, ,o,f, ,L,a,n,z,a,r,o,t,e,",", ,F,u,e,r,t,e,v,e,n,t,u,r,a, ,a,n,d, ,E,l, ,H,i,e,r,r,o, ,o,f,f, ,t,h,e, ,A,t,l,a,n,t,i,c, ,c,o,a,s,t, ,o,f, ,A,f,r,i,c,a
., ,T,h,e,i,r, ,t,r,o,o,p,s, ,w,e,r,e, ,g,a,t,h,e,r,e,d, ,i,n, ,N,o,r,m,a,n,d,y,",", ,G,a,s,c,o,n,y, ,a,n,d, ,w,e,r,e, ,l,a,t,e,r, ,r,e,i,n,f,o,r,c,e,d, ,b,y, ,C,a,s,t,i,l,i,a,n, ,c,o,l,o,n,i,s,t,s,.
B,e,t,h,e,n,c,o,u,r,t, ,t,o,o,k, ,t,h,e, ,t,i,t,l,e, ,o,f, ,K,i,n,g, ,o,f, ,t,h,e, ,C,a,n,a,r,y, ,I,s,l,a,n,d,s,",", ,a,s, ,v,a,s,s,a,l, ,t,o, ,H,e,n,r,y, ,I,I,I, ,o,f, ,C,a,s,t,i,l,e,., ,I,n, ,1,4,1,8,",", ,J,e,a,n,',s, ,n,e,p,h,e,w, ,M,a,c,i,o,t, ,d,e, ,B,e,t,h,e,n,c,o,u,r,t, ,s,o,l,d, ,t,h,e, ,r,i,g,h,t,s, ,t,o, ,t,h,e, ,i,s,l,a,n,d,s, ,t,o, ,E,n,r,i,q,u,e, ,P,é,r,e,z, ,d,e, ,G,u,z,m,á,n,",", ,2,n,d, ,C,o,u,n,t, ,d,e, ,N,i,e,b,l,a,.
T,h,e, ,c,u,s,t,o,m,a,r,y, ,l,a,w, ,o,f, ,N,o,r,m,a,n,d,y, ,w,a,s, ,d,e,v,e,l,o,p,e,d, ,b,e,t,w,e,e,n, ,t,h,e, ,1,0,t,h, ,a,n,d, ,1,3,t,h, ,c,e,n,t,u,r,i,e,s, ,a,n,d, ,s,u,r,v,i,v,e,s, ,t,o,d,a,y, ,t,h,r,o,u,g,h, ,t,h,e, ,l,e,g,a,l, ,s,y,s,t,e,m,s, ,o,f, ,J,e,r,s,e,y, ,a,n,d, ,G,u,e,r,n,s,e,y, ,i,n, ,t,h,e, ,C,h,a,n,n,e,l, ,I,s,l,a,n,d,s
., ,N,o,r,m,a,n, ,c,u,s,t,o,m,a,r,y, ,l,a,w, ,w,a,s, ,t,r,a,n,s,c,r,i,b,e,d, ,i,n, ,t,w,o, ,c,u,s,t,o,m,a,r,i,e,s, ,i,n, ,L,a,t,i,n, ,b,y, ,t,w,o, ,j,u,d,g,e,s, ,f,o,r, ,u,s,e, ,b,y, ,t,h,e,m, ,a,n,d, ,t,h,e,i,r, ,c,o,l,l,e,a,g,u,e,s,:, ,T,h,e,s,e, ,a,r,e, ,t,h,e, ,T,r,è,s, ,a,n,c,i,e,n, ,c,o,u,t,u,m,i,e,r, ,(,V,e,r,y, ,a,n,c,i,e,n,t, ,c,u,s,t,o,m,a,r,y,),",", ,a,u,t,h,o,r,e,d, ,b,e,t,w,e,e,n, ,1,2,0,0, ,a,n,d, ,1,2,4,5,;, ,a,n,d, ,t,h,e, ,G,r,a,n,d, ,c,o,u,t,u,m,i,e,r, ,d,e, ,N,o,r,m,a,n,d,i,e, ,(,G,r,e,a,t
c,o,u,t,u,m,i,e,r, ,d,e, ,N,o,r,m,a,n,d,i,e, ,(,G,r,e,a,t, ,c,u,s,t,o,m,a,r,y, ,o,f, ,N,o,r,m,a,n,d,y,",", ,o,r,i,g,i,n,a,l,l,y, ,S,u,m,m,a, ,d,e, ,l,e,g,i,b,u,s, ,N,o,r,m,a,n,n,i,a,e, ,i,n, ,c,u,r,i,a, ,l,a,ï,c,a,l,i,),",", ,a,u,t,h,o,r,e,d, ,b,e,t,w,e,e,n, ,1,2,3,5, ,a,n,d, ,1,2,4,5,.
N,o,r,m,a,n, ,a,r,c,h,i,t,e,c,t,u,r,e, ,t,y,p,i,c,a,l,l,y, ,s,t,a,n,d,s, ,o,u,t, ,a,s, ,a, ,n,e,w, ,s,t,a,g,e, ,i,n, ,t,h,e, ,a,r,c,h,i,t,e,c,t,u,r,a,l, ,h,i,s,t,o,r,y, ,o,f, ,t,h,e, ,r,e,g,i,o,n,s, ,t,h,e,y, ,s,u,b,d,u,e,d
., ,T,h,e,y, ,s,p,r,e,a,d, ,a, ,u,n,i,q,u,e, ,R,o,m,a,n,e,s,q,u,e, ,i,d,i,o,m, ,t,o, ,E,n,g,l,a,n,d, ,a,n,d, ,I,t,a,l,y,",", ,a,n,d, ,t,h,e, ,e,n,c,a,s,t,e,l,l,a,t,i,o,n, ,o,f, ,t,h,e,s,e, ,r,e,g,i,o,n,s, ,w,i,t,h, ,k,e,e,p,s, ,i,n, ,t,h,e,i,r, ,n,o,r,t,h, ,F,r,e,n,c,h, ,s,t,y,l,e, ,f,u,n,d,a,m,e,n,t,a,l,l,y, ,a,l,t,e,r,e,d, ,t,h,e, ,m,i,l,i,t,a,r,y, ,l,a,n,d,s,c,a,p,e
., ,T,h,e,i,r, ,s,t,y,l,e, ,w,a,s, ,c,h,a,r,a,c,t,e,r,i,s,e,d, ,b,y, ,r,o,u,n,d,e,d, ,a,r,c,h,e,s,",", ,p,a,r,t,i,c,u,l,a,r,l,y, ,o,v,e,r, ,w,i,n,d,o,w,s, ,a,n,d, ,d,o,o,r,w,a,y,s,",", ,a,n,d, ,m,a,s,s,i,v,e, ,p,r,o,p,o,r,t,i,o,n,s,.
I,n, ,E,n,g,l,a,n,d,",", ,t,h,e, ,p,e,r,i,o,d, ,o,f, ,N,o,r,m,a,n, ,a,r,c,h,i,t,e,c,t,u,r,e, ,i,m,m,e,d,i,a,t,e,l,y, ,s,u,c,c,e,e,d,s, ,t,h,a,t, ,o,f, ,t,h,e, ,A,n,g,l,o,-,S,a,x,o,n, ,a,n,d, ,p,r,e,c,e,d,e,s, ,t,h,e, ,E,a,r,l,y, ,G,o,t,h,i,c
., ,I,n, ,s,o,u,t,h,e,r,n, ,I,t,a,l,y,",", ,t,h,e, ,N,o,r,m,a,n,s, ,i,n,c,o,r,p,o,r,a,t,e,d, ,e,l,e,m,e,n,t,s, ,o,f, ,I,s,l,a,m,i,c,",", ,L,o,m,b,a,r,d,",", ,a,n,d, ,B,y,z,a,n,t,i,n,e, ,b,u,i,l,d,i,n,g, ,t,e,c,h,n,i,q,u,e,s, ,i,n,t,o, ,t,h,e,i,r, ,o,w,n,",", ,i,n,i,t,i,a,t,i,n,g, ,a, ,u,n,i,q,u,e, ,s,t,y,l,e, ,k,n,o,w,n, ,a,s, ,N,o,r,m,a,n,-,A,r,a,b, ,a,r,c,h,i,t,e,c,t,u,r,e, ,w,i,t,h,i,n, ,t,h,e, ,K,i,n,g,d,o,m, ,o,f, ,S,i,c,i,l,y,.
I,n, ,t,h,e, ,v,i,s,u,a,l, ,a,r,t,s,",", ,t,h,e, ,N,o,r,m,a,n,s, ,d,i,d, ,n,o,t, ,h,a,v,e, ,t,h,e, ,r,i,c,h, ,a,n,d, ,d,i,s,t,i,n,c,t,i,v,e, ,t,r,a,d,i,t,i,o,n,s, ,o,f, ,t,h,e, ,c,u,l,t,u,r,e,s, ,t,h,e,y, ,c,o,n,q,u,e,r,e,d
., ,H,o,w,e,v,e,r,",", ,i,n, ,t,h,e, ,e,a,r,l,y, ,1,1,t,h, ,c,e,n,t,u,r,y, ,t,h,e, ,d,u,k,e,s, ,b,e,g,a,n, ,a, ,p,r,o,g,r,a,m,m,e, ,o,f, ,c,h,u,r,c,h, ,r,e,f,o,r,m,",", ,e,n,c,o,u,r,a,g,i,n,g, ,t,h,e, ,C,l,u,n,i,a,c, ,r,e,f,o,r,m, ,o,f, ,m,o,n,a,s,t,e,r,i,e,s, ,a,n,d, ,p,a,t,r,o,n,i,s,i,n,g, ,i,n,t,e,l,l,e,c,t,u,a,l, ,p,u,r,s,u,i,t,s,",", ,e,s,p,e,c,i,a,l,l,y, ,t,h,e, ,p,r,o,l,i,f,e,r,a,t,i,o,n, ,o,f, ,s,c,r,i,p,t,o,r,i,a, ,a,n,d, ,t,h,e, ,r,e,c,o,n,s,t,i,t,u,t,i,o,n, ,o,f, ,a, ,c,o,m,p,i,l,a,t,i,o,n, ,o,f
o,f, ,a, ,c,o,m,p,i,l,a,t,i,o,n, ,o,f, ,l,o,s,t, ,i,l,l,u,m,i,n,a,t,e,d, ,m,a,n,u,s,c,r,i,p,t,s
., ,T,h,e, ,c,h,u,r,c,h, ,w,a,s, ,u,t,i,l,i,s,e,d, ,b,y, ,t,h,e, ,d,u,k,e,s, ,a,s, ,a, ,u,n,i,f,y,i,n,g, ,f,o,r,c,e, ,f,o,r, ,t,h,e,i,r, ,d,i,s,p,a,r,a,t,e, ,d,u,c,h,y
., ,T,h,e, ,c,h,i,e,f, ,m,o,n,a,s,t,e,r,i,e,s, ,t,a,k,i,n,g, ,p,a,r,t, ,i,n, ,t,h,i,s, ,"""",r,e,n,a,i,s,s,a,n,c,e,"""", ,o,f, ,N,o,r,m,a,n, ,a,r,t, ,a,n,d, ,s,c,h,o,l,a,r,s,h,i,p, ,w,e,r,e, ,M,o,n,t,-,S,a,i,n,t,-,M,i,c,h,e,l,",", ,F,é,c,a,m,p,",", ,J,u,m,i,è,g,e,s,",", ,B,e,c,",", ,S,a,i,n,t,-,O,u,e,n,",", ,S,a,i,n,t,-,E,v,r,o,u,l,",", ,a,n,d, ,S,a,i,n,t,-,W,a,n,d,r,i,l,l,e
., ,T,h,e,s,e, ,c,e,n,t,r,e,s, ,w,e,r,e, ,i,n, ,c,o,n,t,a,c,t, ,w,i,t,h, ,t,h,e, ,s,o,-,c,a,l,l,e,d, ,"""",W,i,n,c,h,e,s,t,e,r, ,s,c,h,o,o,l,"""",",", ,w,h,i,c,h, ,c,h,a,n,n,e,l,e,d, ,a, ,p,u,r,e, ,C,a,r,o,l,i,n,g,i,a,n, ,a,r,t,i,s,t,i,c, ,t,r,a,d,i,t,i,o,n, ,t,o, ,N,o,r,m,a,n,d,y
., ,I,n, ,t,h,e, ,f,i,n,a,l, ,d,e,c,a,d,e, ,o,f, ,t,h,e, ,1,1,t,h, ,a,n,d, ,f,i,r,s,t, ,o,f, ,t,h,e, ,1,2,t,h, ,c,e,n,t,u,r,y,",", ,N,o,r,m,a,n,d,y, ,e,x,p,e,r,i,e,n,c,e,d, ,a, ,g,o,l,d,e,n, ,a,g,e, ,o,f, ,i,l,l,u,s,t,r,a,t,e,d, ,m,a,n,u,s,c,r,i,p,t,s,",", ,b,u,t, ,i,t, ,w,a,s, ,b,r,i,e,f, ,a,n,d, ,t,h,e, ,m,a,j,o,r, ,s,c,r,i,p,t,o,r,i,a, ,o,f, ,N,o,r,m,a,n,d,y, ,c,e,a,s,e,d, ,t,o, ,f,u,n,c,t,i,o,n, ,a,f,t,e,r, ,t,h,e, ,m,i,d,p,o,i,n,t, ,o,f, ,t,h,e, ,c,e,n,t,u,r,y,.
T,h,e, ,F,r,e,n,c,h, ,W,a,r,s, ,o,f, ,R,e,l,i,g,i,o,n, ,i,n, ,t,h,e, ,1,6,t,h, ,c,e,n,t,u,r,y, ,a,n,d, ,F,r,e,n,c,h, ,R,e,v,o,l,u,t,i,o,n, ,i,n, ,t,h,e, ,1,8,t,h, ,s,u,c,c,e,s,s,i,v,e,l,y, ,d,e,s,t,r,o,y,e,d, ,m,u,c,h, ,o,f, ,w,h,a,t, ,e,x,i,s,t,e,d, ,i,n, ,t,h,e, ,w,a,y, ,o,f, ,t,h,e, ,a,r,c,h,i,t,e,c,t,u,r,a,l, ,a,n,d, ,a,r,t,i,s,t,i,c, ,r,e,m,n,a,n,t, ,o,f, ,t,h,i,s, ,N,o,r,m,a,n, ,c,r,e,a,t,i,v,i,t,y
., ,T,h,e, ,f,o,r,m,e,r,",", ,w,i,t,h, ,t,h,e,i,r, ,v,i,o,l,e,n,c,e,",", ,c,a,u,s,e,d, ,t,h,e, ,w,a,n,t,o,n, ,d,e,s,t,r,u,c,t,i,o,n, ,o,f, ,m,a,n,y, ,N,o,r,m,a,n, ,e,d,i,f,i,c,e,s,;, ,t,h,e, ,l,a,t,t,e,r,",", ,w,i,t,h, ,i,t,s, ,a,s,s,a,u,l,t, ,o,n, ,r,e,l,i,g,i,o,n,",", ,c,a,u,s,e,d, ,t,h,e, ,p,u,r,p,o,s,e,f,u,l, ,d,e,s,t,r,u,c,t,i,o,n, ,o,f, ,r,e,l,i,g,i,o,u,s, ,o,b,j,e,c,t,s, ,o,f, ,a,n,y, ,t,y,p,e,",", ,a,n,d, ,i,t,s, ,d,e,s,t,a,b,i,l,i,s,a,t,i,o,n, ,o,f, ,s,o,c,i,e,t,y, ,r,e,s,u,l,t,e,d, ,i,n, ,r,a,m,p,a,n,t
o,f, ,s,o,c,i,e,t,y, ,r,e,s,u,l,t,e,d, ,i,n, ,r,a,m,p,a,n,t, ,p,i,l,l,a,g,i,n,g,.
B,y, ,f,a,r, ,t,h,e, ,m,o,s,t, ,f,a,m,o,u,s, ,w,o,r,k, ,o,f, ,N,o,r,m,a,n, ,a,r,t, ,i,s, ,t,h,e, ,B,a,y,e,u,x, ,T,a,p,e,s,t,r,y,",", ,w,h,i,c,h, ,i,s, ,n,o,t, ,a, ,t,a,p,e,s,t,r,y, ,b,u,t, ,a, ,w,o,r,k, ,o,f, ,e,m,b,r,o,i,d,e,r,y
., ,I,t, ,w,a,s, ,c,o,m,m,i,s,s,i,o,n,e,d, ,b,y, ,O,d,o,",", ,t,h,e, ,B,i,s,h,o,p, ,o,f, ,B,a,y,e,u,x, ,a,n,d, ,f,i,r,s,t, ,E,a,r,l, ,o,f, ,K,e,n,t,",", ,e,m,p,l,o,y,i,n,g, ,n,a,t,i,v,e,s, ,f,r,o,m, ,K,e,n,t, ,w,h,o, ,w,e,r,e, ,l,e,a,r,n,e,d, ,i,n, ,t,h,e, ,N,o,r,d,i,c, ,t,r,a,d,i,t,i,o,n,s, ,i,m,p,o,r,t,e,d, ,i,n, ,t,h,e, ,p,r,e,v,i,o,u,s, ,h,a,l,f, ,c,e,n,t,u,r,y, ,b,y, ,t,h,e, ,D,a,n,i,s,h, ,V,i,k,i,n,g,s,.
I,n, ,B,r,i,t,a,i,n,",", ,N,o,r,m,a,n, ,a,r,t, ,p,r,i,m,a,r,i,l,y, ,s,u,r,v,i,v,e,s, ,a,s, ,s,t,o,n,e,w,o,r,k, ,o,r, ,m,e,t,a,l,w,o,r,k,",", ,s,u,c,h, ,a,s, ,c,a,p,i,t,a,l,s, ,a,n,d, ,b,a,p,t,i,s,m,a,l, ,f,o,n,t,s,., ,I,n, ,s,o,u,t,h,e,r,n, ,I,t,a,l,y,",", ,h,o,w,e,v,e,r,",", ,N,o,r,m,a,n, ,a,r,t,w,o,r,k, ,s,u,r,v,i,v,e,s, ,p,l,e,n,t,i,f,u,l,l,y, ,i,n, ,f,o,r,m,s, ,s,t,r,o,n,g,l,y, ,i,n,f,l,u,e,n,c,e,d, ,b,y, ,i,t,s, ,G,r,e,e,k,",", ,L,o,m,b,a,r,d,",", ,a,n,d, ,A,r,a,b, ,f,o,r,e,b,e,a,r,s
., ,O,f, ,t,h,e, ,r,o,y,a,l, ,r,e,g,a,l,i,a, ,p,r,e,s,e,r,v,e,d, ,i,n, ,P,a,l,e,r,m,o,",", ,t,h,e, ,c,r,o,w,n, ,i,s, ,B,y,z,a,n,t,i,n,e, ,i,n, ,s,t,y,l,e, ,a,n,d, ,t,h,e, ,c,o,r,o,n,a,t,i,o,n, ,c,l,o,a,k, ,i,s, ,o,f, ,A,r,a,b, ,c,r,a,f,t,s,m,a,n,s,h,i,p, ,w,i,t,h, ,A,r,a,b,i,c, ,i,n,s,c,r,i,p,t,i,o,n,s
., ,M,a,n,y, ,c,h,u,r,c,h,e,s, ,p,r,e,s,e,r,v,e, ,s,c,u,l,p,t,u,r,e,d, ,f,o,n,t,s,",", ,c,a,p,i,t,a,l,s,",", ,a,n,d, ,m,o,r,e, ,i,m,p,o,r,t,a,n,t,l,y, ,m,o,s,a,i,c,s,",", ,w,h,i,c,h, ,w,e,r,e, ,c,o,m,m,o,n, ,i,n, ,N,o,r,m,a,n, ,I,t,a,l,y, ,a,n,d, ,d,r,e,w, ,h,e,a,v,i,l,y, ,o,n, ,t,h,e, ,G,r,e,e,k, ,h,e,r,i,t,a,g,e
., ,L,o,m,b,a,r,d, ,S,a,l,e,r,n,o, ,w,a,s, ,a, ,c,e,n,t,r,e, ,o,f, ,i,v,o,r,y,w,o,r,k, ,i,n, ,t,h,e, ,1,1,t,h, ,c,e,n,t,u,r,y, ,a,n,d, ,t,h,i,s, ,c,o,n,t,i,n,u,e,d, ,u,n,d,e,r, ,N,o,r,m,a,n, ,d,o,m,i,n,a,t,i,o,n
., ,F,i,n,a,l,l,y, ,s,h,o,u,l,d, ,b,e, ,n,o,t,e,d, ,t,h,e, ,i,n,t,e,r,c,o,u,r,s,e, ,b,e,t,w,e,e,n, ,F,r,e,n,c,h, ,C,r,u,s,a,d,e,r,s, ,t,r,a,v,e,l,i,n,g, ,t,o, ,t,h,e, ,H,o,l,y, ,L,a,n,d, ,w,h,o, ,b,r,o,u,g,h,t, ,w,i,t,h, ,t,h,e,m, ,F,r,e,n,c,h, ,a,r,t,e,f,a,c,t,s, ,w,i,t,h, ,w,h,i,c,h, ,t,o, ,g,i,f,t, ,t,h,e, ,c,h,u,r,c,h,e,s, ,a,t, ,w,h,i,c,h, ,t,h,e,y, ,s,t,o,p,p,e,d, ,i,n, ,s,o,u,t,h,e,r,n, ,I,t,a,l,y, ,a,m,o,n,g,s,t, ,t,h,e,i,r, ,N,o,r,m,a,n, ,c,o,u,s,i,n,s
., ,F,o,r, ,t,h,i,s, ,r,e,a,s,o,n, ,m,a,n,y, ,s,o,u,t,h, ,I,t,a,l,i,a,n, ,c,h,u,r,c,h,e,s, ,p,r,e,s,e,r,v,e, ,w,o,r,k,s, ,f,r,o,m, ,F,r,a,n,c,e, ,a,l,o,n,g,s,i,d,e, ,t,h,e,i,r, ,n,a,t,i,v,e, ,p,i,e,c,e,s,.
N,o,r,m,a,n,d,y, ,w,a,s, ,t,h,e, ,s,i,t,e, ,o,f, ,s,e,v,e,r,a,l, ,i,m,p,o,r,t,a,n,t, ,d,e,v,e,l,o,p,m,e,n,t,s, ,i,n, ,t,h,e, ,h,i,s,t,o,r,y, ,o,f, ,c,l,a,s,s,i,c,a,l, ,m,u,s,i,c, ,i,n, ,t,h,e, ,1,1,t,h, ,c,e,n,t,u,r,y,., ,F,é,c,a,m,p, ,A,b,b,e,y, ,a,n,d, ,S,a,i,n,t,-,E,v,r,o,u,l, ,A,b,b,e,y, ,w,e,r,e, ,c,e,n,t,r,e,s, ,o,f, ,m,u,s,i,c,a,l, ,p,r,o,d,u,c,t,i,o,n, ,a,n,d, ,e,d,u,c,a,t,i,o,n
., ,A,t, ,F,é,c,a,m,p,",", ,u,n,d,e,r, ,t,w,o, ,I,t,a,l,i,a,n, ,a,b,b,o,t,s,",", ,W,i,l,l,i,a,m, ,o,f, ,V,o,l,p,i,a,n,o, ,a,n,d, ,J,o,h,n, ,o,f, ,R,a,v,e,n,n,a,",", ,t,h,e, ,s,y,s,t,e,m, ,o,f, ,d,e,n,o,t,i,n,g, ,n,o,t,e,s, ,b,y, ,l,e,t,t,e,r,s, ,w,a,s, ,d,e,v,e,l,o,p,e,d, ,a,n,d, ,t,a,u,g,h,t,., ,I,t, ,i,s, ,s,t,i,l,l, ,t,h,e, ,m,o,s,t, ,c,o,m,m,o,n, ,f,o,r,m, ,o,f, ,p,i,t,c,h, ,r,e,p,r,e,s,e,n,t,a,t,i,o,n, ,i,n, ,E,n,g,l,i,s,h,-, ,a,n,d, ,G,e,r,m,a,n,-,s,p,e,a,k,i,n,g, ,c,o,u,n,t,r,i,e,s, ,t,o,d,a,y
., ,A,l,s,o, ,a,t, ,F,é,c,a,m,p,",", ,t,h,e, ,s,t,a,f,f,",", ,a,r,o,u,n,d, ,w,h,i,c,h, ,n,e,u,m,e,s, ,w,e,r,e, ,o,r,i,e,n,t,e,d,",", ,w,a,s, ,f,i,r,s,t, ,d,e,v,e,l,o,p,e,d, ,a,n,d, ,t,a,u,g,h,t, ,i,n, ,t,h,e, ,1,1,t,h, ,c,e,n,t,u,r,y,., ,U,n,d,e,r, ,t,h,e, ,G,e,r,m,a,n, ,a,b,b,o,t, ,I,s,e,m,b,a,r,d,",", ,L,a, ,T,r,i,n,i,t,é,-,d,u,-,M,o,n,t, ,b,e,c,a,m,e, ,a, ,c,e,n,t,r,e, ,o,f, ,m,u,s,i,c,a,l, ,c,o,m,p,o,s,i,t,i,o,n,.
A,t, ,S,a,i,n,t, ,E,v,r,o,u,l,",", ,a, ,t,r,a,d,i,t,i,o,n, ,o,f, ,s,i,n,g,i,n,g, ,h,a,d, ,d,e,v,e,l,o,p,e,d, ,a,n,d, ,t,h,e, ,c,h,o,i,r, ,a,c,h,i,e,v,e,d, ,f,a,m,e, ,i,n, ,N,o,r,m,a,n,d,y
., ,U,n,d,e,r, ,t,h,e, ,N,o,r,m,a,n, ,a,b,b,o,t, ,R,o,b,e,r,t, ,d,e, ,G,r,a,n,t,m,e,s,n,i,l,",", ,s,e,v,e,r,a,l, ,m,o,n,k,s, ,o,f, ,S,a,i,n,t,-,E,v,r,o,u,l, ,f,l,e,d, ,t,o, ,s,o,u,t,h,e,r,n, ,I,t,a,l,y,",", ,w,h,e,r,e, ,t,h,e,y, ,w,e,r,e, ,p,a,t,r,o,n,i,s,e,d, ,b,y, ,R,o,b,e,r,t, ,G,u,i,s,c,a,r,d, ,a,n,d, ,e,s,t,a,b,l,i,s,h,e,d, ,a, ,L,a,t,i,n, ,m,o,n,a,s,t,e,r,y, ,a,t, ,S,a,n,t,',E,u,f,e,m,i,a,., ,T,h,e,r,e, ,t,h,e,y, ,c,o,n,t,i,n,u,e,d, ,t,h,e, ,t,r,a,d,i,t,i,o,n, ,o,f, ,s,i,n,g,i,n,g,.
C,o,m,p,u,t,a,t,i,o,n,a,l, ,c,o,m,p,l,e,x,i,t,y, ,t,h,e,o,r,y, ,i,s, ,a, ,b,r,a,n,c,h, ,o,f, ,t,h,e, ,t,h,e,o,r,y, ,o,f, ,c,o,m,p,u,t,a,t,i,o,n, ,i,n, ,t,h,e,o,r,e,t,i,c,a,l, ,c,o,m,p,u,t,e,r, ,s,c,i,e,n,c,e, ,t,h,a,t, ,f,o,c,u,s,e,s, ,o,n, ,c,l,a,s,s,i,f,y,i,n,g, ,c,o,m,p,u,t,a,t,i,o,n,a,l, ,p,r,o,b,l,e,m,s, ,a,c,c,o,r,d,i,n,g, ,t,o, ,t,h,e,i,r, ,i,n,h,e,r,e,n,t, ,d,i,f,f,i,c,u,l,t,y,",", ,a,n,d, ,r,e,l,a,t,i,n,g, ,t,h,o,s,e, ,c,l,a,s,s,e,s, ,t,o, ,e,a,c,h, ,o,t,h,e,r
., ,A, ,c,o,m,p,u,t,a,t,i,o,n,a,l, ,p,r,o,b,l,e,m, ,i,s, ,u,n,d,e,r,s,t,o,o,d, ,t,o, ,b,e, ,a, ,t,a,s,k, ,t,h,a,t, ,i,s, ,i,n, ,p,r,i,n,c,i,p,l,e, ,a,m,e,n,a,b,l,e, ,t,o, ,b,e,i,n,g, ,s,o,l,v,e,d, ,b,y, ,a, ,c,o,m,p,u,t,e,r,",", ,w,h,i,c,h, ,i,s, ,e,q,u,i,v,a,l,e,n,t, ,t,o, ,s,t,a,t,i,n,g, ,t,h,a,t, ,t,h,e, ,p,r,o,b,l,e,m, ,m,a,y, ,b,e, ,s,o,l,v,e,d, ,b,y, ,m,e,c,h,a,n,i,c,a,l, ,a,p,p,l,i,c,a,t,i,o,n, ,o,f, ,m,a,t,h,e,m,a,t,i,c,a,l, ,s,t,e,p,s,",", ,s,u,c,h, ,a,s, ,a,n, ,a,l,g,o,r,i,t,h,m,.
A, ,p,r,o,b,l,e,m, ,i,s, ,r,e,g,a,r,d,e,d, ,a,s, ,i,n,h,e,r,e,n,t,l,y, ,d,i,f,f,i,c,u,l,t, ,i,f, ,i,t,s, ,s,o,l,u,t,i,o,n, ,r,e,q,u,i,r,e,s, ,s,i,g,n,i,f,i,c,a,n,t, ,r,e,s,o,u,r,c,e,s,",", ,w,h,a,t,e,v,e,r, ,t,h,e, ,a,l,g,o,r,i,t,h,m, ,u,s,e,d
., ,T,h,e, ,t,h,e,o,r,y, ,f,o,r,m,a,l,i,z,e,s, ,t,h,i,s, ,i,n,t,u,i,t,i,o,n,",", ,b,y, ,i,n,t,r,o,d,u,c,i,n,g, ,m,a,t,h,e,m,a,t,i,c,a,l, ,m,o,d,e,l,s, ,o,f, ,c,o,m,p,u,t,a,t,i,o,n, ,t,o, ,s,t,u,d,y, ,t,h,e,s,e, ,p,r,o,b,l,e,m,s, ,a,n,d, ,q,u,a,n,t,i,f,y,i,n,g, ,t,h,e, ,a,m,o,u,n,t, ,o,f, ,r,e,s,o,u,r,c,e,s, ,n,e,e,d,e,d, ,t,o, ,s,o,l,v,e, ,t,h,e,m,",", ,s,u,c,h, ,a,s, ,t,i,m,e, ,a,n,d, ,s,t,o,r,a,g,e
., ,O,t,h,e,r, ,c,o,m,p,l,e,x,i,t,y, ,m,e,a,s,u,r,e,s, ,a,r,e, ,a,l,s,o, ,u,s,e,d,",", ,s,u,c,h, ,a,s, ,t,h,e, ,a,m,o,u,n,t, ,o,f, ,c,o,m,m,u,n,i,c,a,t,i,o,n, ,(,u,s,e,d, ,i,n, ,c,o,m,m,u,n,i,c,a,t,i,o,n, ,c,o,m,p,l,e,x,i,t,y,),",", ,t,h,e, ,n,u,m,b,e,r, ,o,f, ,g,a,t,e,s, ,i,n, ,a, ,c,i,r,c,u,i,t, ,(,u,s,e,d, ,i,n, ,c,i,r,c,u,i,t, ,c,o,m,p,l,e,x,i,t,y,), ,a,n,d, ,t,h,e, ,n,u,m,b,e,r, ,o,f, ,p,r,o,c,e,s,s,o,r,s, ,(,u,s,e,d, ,i,n, ,p,a,r,a,l,l,e,l, ,c,o,m,p,u,t,i,n,g,)
., ,O,n,e, ,o,f, ,t,h,e, ,r,o,l,e,s, ,o,f, ,c,o,m,p,u,t,a,t,i,o,n,a,l, ,c,o,m,p,l,e,x,i,t,y, ,t,h,e,o,r,y, ,i,s, ,t,o, ,d,e,t,e,r,m,i,n,e, ,t,h,e, ,p,r,a,c,t,i,c,a,l, ,l,i,m,i,t,s, ,o,n, ,w,h,a,t, ,c,o,m,p,u,t,e,r,s, ,c,a,n, ,a,n,d, ,c,a,n,n,o,t, ,d,o,.
C,l,o,s,e,l,y, ,r,e,l,a,t,e,d, ,f,i,e,l,d,s, ,i,n, ,t,h,e,o,r,e,t,i,c,a,l, ,c,o,m,p,u,t,e,r, ,s,c,i,e,n,c,e, ,a,r,e, ,a,n,a,l,y,s,i,s, ,o,f, ,a,l,g,o,r,i,t,h,m,s, ,a,n,d, ,c,o,m,p,u,t,a,b,i,l,i,t,y, ,t,h,e,o,r,y
., ,A, ,k,e,y, ,d,i,s,t,i,n,c,t,i,o,n, ,b,e,t,w,e,e,n, ,a,n,a,l,y,s,i,s, ,o,f, ,a,l,g,o,r,i,t,h,m,s, ,a,n,d, ,c,o,m,p,u,t,a,t,i,o,n,a,l, ,c,o,m,p,l,e,x,i,t,y, ,t,h,e,o,r,y, ,i,s, ,t,h,a,t, ,t,h,e, ,f,o,r,m,e,r, ,i,s, ,d,e,v,o,t,e,d, ,t,o, ,a,n,a,l,y,z,i,n,g, ,t,h,e, ,a,m,o,u,n,t, ,o,f, ,r,e,s,o,u,r,c,e,s, ,n,e,e,d,e,d, ,b,y, ,a, ,p,a,r,t,i,c,u,l,a,r, ,a,l,g,o,r,i,t,h,m, ,t,o, ,s,o,l,v,e, ,a, ,p,r,o,b,l,e,m,",", ,w,h,e,r,e,a,s, ,t,h,e, ,l,a,t,t,e,r, ,a,s,k,s, ,a, ,m,o,r,e, ,g,e,n,e,r,a,l, ,q,u,e,s,t,i,o,n
a,s,k,s, ,a, ,m,o,r,e, ,g,e,n,e,r,a,l, ,q,u,e,s,t,i,o,n, ,a,b,o,u,t, ,a,l,l, ,p,o,s,s,i,b,l,e, ,a,l,g,o,r,i,t,h,m,s, ,t,h,a,t, ,c,o,u,l,d, ,b,e, ,u,s,e,d, ,t,o, ,s,o,l,v,e, ,t,h,e, ,s,a,m,e, ,p,r,o,b,l,e,m
., ,M,o,r,e, ,p,r,e,c,i,s,e,l,y,",", ,i,t, ,t,r,i,e,s, ,t,o, ,c,l,a,s,s,i,f,y, ,p,r,o,b,l,e,m,s, ,t,h,a,t, ,c,a,n, ,o,r, ,c,a,n,n,o,t, ,b,e, ,s,o,l,v,e,d, ,w,i,t,h, ,a,p,p,r,o,p,r,i,a,t,e,l,y, ,r,e,s,t,r,i,c,t,e,d, ,r,e,s,o,u,r,c,e,s
., ,I,n, ,t,u,r,n,",", ,i,m,p,o,s,i,n,g, ,r,e,s,t,r,i,c,t,i,o,n,s, ,o,n, ,t,h,e, ,a,v,a,i,l,a,b,l,e, ,r,e,s,o,u,r,c,e,s, ,i,s, ,w,h,a,t, ,d,i,s,t,i,n,g,u,i,s,h,e,s, ,c,o,m,p,u,t,a,t,i,o,n,a,l, ,c,o,m,p,l,e,x,i,t,y, ,f,r,o,m, ,c,o,m,p,u,t,a,b,i,l,i,t,y, ,t,h,e,o,r,y,:, ,t,h,e, ,l,a,t,t,e,r, ,t,h,e,o,r,y, ,a,s,k,s, ,w,h,a,t, ,k,i,n,d, ,o,f, ,p,r,o,b,l,e,m,s, ,c,a,n,",", ,i,n, ,p,r,i,n,c,i,p,l,e,",", ,b,e, ,s,o,l,v,e,d, ,a,l,g,o,r,i,t,h,m,i,c,a,l,l,y,.
A, ,c,o,m,p,u,t,a,t,i,o,n,a,l, ,p,r,o,b,l,e,m, ,c,a,n, ,b,e, ,v,i,e,w,e,d, ,a,s, ,a,n, ,i,n,f,i,n,i,t,e, ,c,o,l,l,e,c,t,i,o,n, ,o,f, ,i,n,s,t,a,n,c,e,s, ,t,o,g,e,t,h,e,r, ,w,i,t,h, ,a, ,s,o,l,u,t,i,o,n, ,f,o,r, ,e,v,e,r,y, ,i,n,s,t,a,n,c,e,., ,T,h,e, ,i,n,p,u,t, ,s,t,r,i,n,g, ,f,o,r, ,a, ,c,o,m,p,u,t,a,t,i,o,n,a,l, ,p,r,o,b,l,e,m, ,i,s, ,r,e,f,e,r,r,e,d, ,t,o, ,a,s, ,a, ,p,r,o,b,l,e,m, ,i,n,s,t,a,n,c,e,",", ,a,n,d, ,s,h,o,u,l,d, ,n,o,t, ,b,e, ,c,o,n,f,u,s,e,d, ,w,i,t,h, ,t,h,e, ,p,r,o,b,l,e,m, ,i,t,s,e,l,f
., ,I,n, ,c,o,m,p,u,t,a,t,i,o,n,a,l, ,c,o,m,p,l,e,x,i,t,y, ,t,h,e,o,r,y,",", ,a, ,p,r,o,b,l,e,m, ,r,e,f,e,r,s, ,t,o, ,t,h,e, ,a,b,s,t,r,a,c,t, ,q,u,e,s,t,i,o,n, ,t,o, ,b,e, ,s,o,l,v,e,d,., ,I,n, ,c,o,n,t,r,a,s,t,",", ,a,n, ,i,n,s,t,a,n,c,e, ,o,f, ,t,h,i,s, ,p,r,o,b,l,e,m, ,i,s, ,a, ,r,a,t,h,e,r, ,c,o,n,c,r,e,t,e, ,u,t,t,e,r,a,n,c,e,",", ,w,h,i,c,h, ,c,a,n, ,s,e,r,v,e, ,a,s, ,t,h,e, ,i,n,p,u,t, ,f,o,r, ,a, ,d,e,c,i,s,i,o,n, ,p,r,o,b,l,e,m
., ,F,o,r, ,e,x,a,m,p,l,e,",", ,c,o,n,s,i,d,e,r, ,t,h,e, ,p,r,o,b,l,e,m, ,o,f, ,p,r,i,m,a,l,i,t,y, ,t,e,s,t,i,n,g,., ,T,h,e, ,i,n,s,t,a,n,c,e, ,i,s, ,a, ,n,u,m,b,e,r, ,(,e,.,g,., ,1,5,), ,a,n,d, ,t,h,e, ,s,o,l,u,t,i,o,n, ,i,s, ,"""",y,e,s,"""", ,i,f, ,t,h,e, ,n,u,m,b,e,r, ,i,s, ,p,r,i,m,e, ,a,n,d, ,"""",n,o,"""", ,o,t,h,e,r,w,i,s,e, ,(,i,n, ,t,h,i,s, ,c,a,s,e, ,"""",n,o,"""",)
., ,S,t,a,t,e,d, ,a,n,o,t,h,e,r, ,w,a,y,",", ,t,h,e, ,i,n,s,t,a,n,c,e, ,i,s, ,a, ,p,a,r,t,i,c,u,l,a,r, ,i,n,p,u,t, ,t,o, ,t,h,e, ,p,r,o,b,l,e,m,",", ,a,n,d, ,t,h,e, ,s,o,l,u,t,i,o,n, ,i,s, ,t,h,e, ,o,u,t,p,u,t, ,c,o,r,r,e,s,p,o,n,d,i,n,g, ,t,o, ,t,h,e, ,g,i,v,e,n, ,i,n,p,u,t,.
T,o, ,f,u,r,t,h,e,r, ,h,i,g,h,l,i,g,h,t, ,t,h,e, ,d,i,f,f,e,r,e,n,c,e, ,b,e,t,w,e,e,n, ,a, ,p,r,o,b,l,e,m, ,a,n,d, ,a,n, ,i,n,s,t,a,n,c,e,",", ,c,o,n,s,i,d,e,r, ,t,h,e, ,f,o,l,l,o,w,i,n,g, ,i,n,s,t,a,n,c,e, ,o,f, ,t,h,e, ,d,e,c,i,s,i,o,n, ,v,e,r,s,i,o,n, ,o,f, ,t,h,e, ,t,r,a,v,e,l,i,n,g, ,s,a,l,e,s,m,a,n, ,p,r,o,b,l,e,m,:, ,I,s, ,t,h,e,r,e, ,a, ,r,o,u,t,e, ,o,f, ,a,t, ,m,o,s,t, ,2,0,0,0, ,k,i,l,o,m,e,t,r,e,s, ,p,a,s,s,i,n,g, ,t,h,r,o,u,g,h, ,a,l,l, ,o,f, ,G,e,r,m,a,n,y,',s, ,1,5, ,l,a,r,g,e,s,t
a,l,l, ,o,f, ,G,e,r,m,a,n,y,',s, ,1,5, ,l,a,r,g,e,s,t, ,c,i,t,i,e,s,?, ,T,h,e, ,q,u,a,n,t,i,t,a,t,i,v,e, ,a,n,s,w,e,r, ,t,o, ,t,h,i,s, ,p,a,r,t,i,c,u,l,a,r, ,p,r,o,b,l,e,m, ,i,n,s,t,a,n,c,e, ,i,s, ,o,f, ,l,i,t,t,l,e, ,u,s,e, ,f,o,r, ,s,o,l,v,i,n,g, ,o,t,h,e,r, ,i,n,s,t,a,n,c,e,s, ,o,f, ,t,h,e, ,p,r,o,b,l,e,m,",", ,s,u,c,h, ,a,s, ,a,s,k,i,n,g, ,f,o,r, ,a, ,r,o,u,n,d, ,t,r,i,p, ,t,h,r,o,u,g,h, ,a,l,l, ,s,i,t,e,s, ,i,n, ,M,i,l,a,n, ,w,h,o,s,e, ,t,o,t,a,l, ,l,e,n,g,t,h, ,i,s, ,a,t, ,m,o,s,t, ,1,0, ,k,m
., ,F,o,r, ,t,h,i,s, ,r,e,a,s,o,n,",", ,c,o,m,p,l,e,x,i,t,y, ,t,h,e,o,r,y, ,a,d,d,r,e,s,s,e,s, ,c,o,m,p,u,t,a,t,i,o,n,a,l, ,p,r,o,b,l,e,m,s, ,a,n,d, ,n,o,t, ,p,a,r,t,i,c,u,l,a,r, ,p,r,o,b,l,e,m, ,i,n,s,t,a,n,c,e,s,.
W,h,e,n, ,c,o,n,s,i,d,e,r,i,n,g, ,c,o,m,p,u,t,a,t,i,o,n,a,l, ,p,r,o,b,l,e,m,s,",", ,a, ,p,r,o,b,l,e,m, ,i,n,s,t,a,n,c,e, ,i,s, ,a, ,s,t,r,i,n,g, ,o,v,e,r, ,a,n, ,a,l,p,h,a,b,e,t,., ,U,s,u,a,l,l,y,",", ,t,h,e, ,a,l,p,h,a,b,e,t, ,i,s, ,t,a,k,e,n, ,t,o, ,b,e, ,t,h,e, ,b,i,n,a,r,y, ,a,l,p,h,a,b,e,t, ,(,i,.,e,.,",", ,t,h,e, ,s,e,t, ,{,0,",",1,},),",", ,a,n,d, ,t,h,u,s, ,t,h,e, ,s,t,r,i,n,g,s, ,a,r,e, ,b,i,t,s,t,r,i,n,g,s
., ,A,s, ,i,n, ,a, ,r,e,a,l,-,w,o,r,l,d, ,c,o,m,p,u,t,e,r,",", ,m,a,t,h,e,m,a,t,i,c,a,l, ,o,b,j,e,c,t,s, ,o,t,h,e,r, ,t,h,a,n, ,b,i,t,s,t,r,i,n,g,s, ,m,u,s,t, ,b,e, ,s,u,i,t,a,b,l,y, ,e,n,c,o,d,e,d
., ,F,o,r, ,e,x,a,m,p,l,e,",", ,i,n,t,e,g,e,r,s, ,c,a,n, ,b,e, ,r,e,p,r,e,s,e,n,t,e,d, ,i,n, ,b,i,n,a,r,y, ,n,o,t,a,t,i,o,n,",", ,a,n,d, ,g,r,a,p,h,s, ,c,a,n, ,b,e, ,e,n,c,o,d,e,d, ,d,i,r,e,c,t,l,y, ,v,i,a, ,t,h,e,i,r, ,a,d,j,a,c,e,n,c,y, ,m,a,t,r,i,c,e,s,",", ,o,r, ,b,y, ,e,n,c,o,d,i,n,g, ,t,h,e,i,r, ,a,d,j,a,c,e,n,c,y, ,l,i,s,t,s, ,i,n, ,b,i,n,a,r,y,.
D,e,c,i,s,i,o,n, ,p,r,o,b,l,e,m,s, ,a,r,e, ,o,n,e, ,o,f, ,t,h,e, ,c,e,n,t,r,a,l, ,o,b,j,e,c,t,s, ,o,f, ,s,t,u,d,y, ,i,n, ,c,o,m,p,u,t,a,t,i,o,n,a,l, ,c,o,m,p,l,e,x,i,t,y, ,t,h,e,o,r,y,., ,A, ,d,e,c,i,s,i,o,n, ,p,r,o,b,l,e,m, ,i,s, ,a, ,s,p,e,c,i,a,l, ,t,y,p,e, ,o,f, ,c,o,m,p,u,t,a,t,i,o,n,a,l, ,p,r,o,b,l,e,m, ,w,h,o,s,e, ,a,n,s,w,e,r, ,i,s, ,e,i,t,h,e,r, ,y,e,s, ,o,r, ,n,o,",", ,o,r, ,a,l,t,e,r,n,a,t,e,l,y, ,e,i,t,h,e,r, ,1, ,o,r, ,0
., ,A, ,d,e,c,i,s,i,o,n, ,p,r,o,b,l,e,m, ,c,a,n, ,b,e, ,v,i,e,w,e,d, ,a,s, ,a, ,f,o,r,m,a,l, ,l,a,n,g,u,a,g,e,",", ,w,h,e,r,e, ,t,h,e, ,m,e,m,b,e,r,s, ,o,f, ,t,h,e, ,l,a,n,g,u,a,g,e, ,a,r,e, ,i,n,s,t,a,n,c,e,s, ,w,h,o,s,e, ,o,u,t,p,u,t, ,i,s, ,y,e,s,",", ,a,n,d, ,t,h,e, ,n,o,n,-,m,e,m,b,e,r,s, ,a,r,e, ,t,h,o,s,e, ,i,n,s,t,a,n,c,e,s, ,w,h,o,s,e, ,o,u,t,p,u,t, ,i,s, ,n,o
., ,T,h,e, ,o,b,j,e,c,t,i,v,e, ,i,s, ,t,o, ,d,e,c,i,d,e,",", ,w,i,t,h, ,t,h,e, ,a,i,d, ,o,f, ,a,n, ,a,l,g,o,r,i,t,h,m,",", ,w,h,e,t,h,e,r, ,a, ,g,i,v,e,n, ,i,n,p,u,t, ,s,t,r,i,n,g, ,i,s, ,a, ,m,e,m,b,e,r, ,o,f, ,t,h,e, ,f,o,r,m,a,l, ,l,a,n,g,u,a,g,e, ,u,n,d,e,r, ,c,o,n,s,i,d,e,r,a,t,i,o,n
., ,I,f, ,t,h,e, ,a,l,g,o,r,i,t,h,m, ,d,e,c,i,d,i,n,g, ,t,h,i,s, ,p,r,o,b,l,e,m, ,r,e,t,u,r,n,s, ,t,h,e, ,a,n,s,w,e,r, ,y,e,s,",", ,t,h,e, ,a,l,g,o,r,i,t,h,m, ,i,s, ,s,a,i,d, ,t,o, ,a,c,c,e,p,t, ,t,h,e, ,i,n,p,u,t, ,s,t,r,i,n,g,",", ,o,t,h,e,r,w,i,s,e, ,i,t, ,i,s, ,s,a,i,d, ,t,o, ,r,e,j,e,c,t, ,t,h,e, ,i,n,p,u,t,.
A,n, ,e,x,a,m,p,l,e, ,o,f, ,a, ,d,e,c,i,s,i,o,n, ,p,r,o,b,l,e,m, ,i,s, ,t,h,e, ,f,o,l,l,o,w,i,n,g,., ,T,h,e, ,i,n,p,u,t, ,i,s, ,a,n, ,a,r,b,i,t,r,a,r,y, ,g,r,a,p,h,., ,T,h,e, ,p,r,o,b,l,e,m, ,c,o,n,s,i,s,t,s, ,i,n, ,d,e,c,i,d,i,n,g, ,w,h,e,t,h,e,r, ,t,h,e, ,g,i,v,e,n, ,g,r,a,p,h, ,i,s, ,c,o,n,n,e,c,t,e,d,",", ,o,r, ,n,o,t
., ,T,h,e, ,f,o,r,m,a,l, ,l,a,n,g,u,a,g,e, ,a,s,s,o,c,i,a,t,e,d, ,w,i,t,h, ,t,h,i,s, ,d,e,c,i,s,i,o,n, ,p,r,o,b,l,e,m, ,i,s, ,t,h,e,n, ,t,h,e, ,s,e,t, ,o,f, ,a,l,l, ,c,o,n,n,e,c,t,e,d, ,g,r,a,p,h,s,—,o,f, ,c,o,u,r,s,e,",", ,t,o, ,o,b,t,a,i,n, ,a, ,p,r,e,c,i,s,e, ,d,e,f,i,n,i,t,i,o,n, ,o,f, ,t,h,i,s, ,l,a,n,g,u,a,g,e,",", ,o,n,e, ,h,a,s, ,t,o, ,d,e,c,i,d,e, ,h,o,w, ,g,r,a,p,h,s, ,a,r,e, ,e,n,c,o,d,e,d, ,a,s, ,b,i,n,a,r,y, ,s,t,r,i,n,g,s,.
A, ,f,u,n,c,t,i,o,n, ,p,r,o,b,l,e,m, ,i,s, ,a, ,c,o,m,p,u,t,a,t,i,o,n,a,l, ,p,r,o,b,l,e,m, ,w,h,e,r,e, ,a, ,s,i,n,g,l,e, ,o,u,t,p,u,t, ,(,o,f, ,a, ,t,o,t,a,l, ,f,u,n,c,t,i,o,n,), ,i,s, ,e,x,p,e,c,t,e,d, ,f,o,r, ,e,v,e,r,y, ,i,n,p,u,t,",", ,b,u,t, ,t,h,e, ,o,u,t,p,u,t, ,i,s, ,m,o,r,e, ,c,o,m,p,l,e,x, ,t,h,a,n, ,t,h,a,t, ,o,f, ,a, ,d,e,c,i,s,i,o,n, ,p,r,o,b,l,e,m,",", ,t,h,a,t, ,i,s,",", ,i,t, ,i,s,n,',t, ,j,u,s,t, ,y,e,s, ,o,r, ,n,o
., ,N,o,t,a,b,l,e, ,e,x,a,m,p,l,e,s, ,i,n,c,l,u,d,e, ,t,h,e, ,t,r,a,v,e,l,i,n,g, ,s,a,l,e,s,m,a,n, ,p,r,o,b,l,e,m, ,a,n,d, ,t,h,e, ,i,n,t,e,g,e,r, ,f,a,c,t,o,r,i,z,a,t,i,o,n, ,p,r,o,b,l,e,m,.
I,t, ,i,s, ,t,e,m,p,t,i,n,g, ,t,o, ,t,h,i,n,k, ,t,h,a,t, ,t,h,e, ,n,o,t,i,o,n, ,o,f, ,f,u,n,c,t,i,o,n, ,p,r,o,b,l,e,m,s, ,i,s, ,m,u,c,h, ,r,i,c,h,e,r, ,t,h,a,n, ,t,h,e, ,n,o,t,i,o,n, ,o,f, ,d,e,c,i,s,i,o,n, ,p,r,o,b,l,e,m,s,., ,H,o,w,e,v,e,r,",", ,t,h,i,s, ,i,s, ,n,o,t, ,r,e,a,l,l,y, ,t,h,e, ,c,a,s,e,",", ,s,i,n,c,e, ,f,u,n,c,t,i,o,n, ,p,r,o,b,l,e,m,s, ,c,a,n, ,b,e, ,r,e,c,a,s,t, ,a,s, ,d,e,c,i,s,i,o,n, ,p,r,o,b,l,e,m,s
., ,F,o,r, ,e,x,a,m,p,l,e,",", ,t,h,e, ,m,u,l,t,i,p,l,i,c,a,t,i,o,n, ,o,f, ,t,w,o, ,i,n,t,e,g,e,r,s, ,c,a,n, ,b,e, ,e,x,p,r,e,s,s,e,d, ,a,s, ,t,h,e, ,s,e,t, ,o,f, ,t,r,i,p,l,e,s, ,(,a,",", ,b,",", ,c,), ,s,u,c,h, ,t,h,a,t, ,t,h,e, ,r,e,l,a,t,i,o,n, ,a, ,×, ,b, ,=, ,c, ,h,o,l,d,s
., ,D,e,c,i,d,i,n,g, ,w,h,e,t,h,e,r, ,a, ,g,i,v,e,n, ,t,r,i,p,l,e, ,i,s, ,a, ,m,e,m,b,e,r, ,o,f, ,t,h,i,s, ,s,e,t, ,c,o,r,r,e,s,p,o,n,d,s, ,t,o, ,s,o,l,v,i,n,g, ,t,h,e, ,p,r,o,b,l,e,m, ,o,f, ,m,u,l,t,i,p,l,y,i,n,g, ,t,w,o, ,n,u,m,b,e,r,s,.
T,o, ,m,e,a,s,u,r,e, ,t,h,e, ,d,i,f,f,i,c,u,l,t,y, ,o,f, ,s,o,l,v,i,n,g, ,a, ,c,o,m,p,u,t,a,t,i,o,n,a,l, ,p,r,o,b,l,e,m,",", ,o,n,e, ,m,a,y, ,w,i,s,h, ,t,o, ,s,e,e, ,h,o,w, ,m,u,c,h, ,t,i,m,e, ,t,h,e, ,b,e,s,t, ,a,l,g,o,r,i,t,h,m, ,r,e,q,u,i,r,e,s, ,t,o, ,s,o,l,v,e, ,t,h,e, ,p,r,o,b,l,e,m,., ,H,o,w,e,v,e,r,",", ,t,h,e, ,r,u,n,n,i,n,g, ,t,i,m,e, ,m,a,y,",", ,i,n, ,g,e,n,e,r,a,l,",", ,d,e,p,e,n,d, ,o,n, ,t,h,e, ,i,n,s,t,a,n,c,e
., ,I,n, ,p,a,r,t,i,c,u,l,a,r,",", ,l,a,r,g,e,r, ,i,n,s,t,a,n,c,e,s, ,w,i,l,l, ,r,e,q,u,i,r,e, ,m,o,r,e, ,t,i,m,e, ,t,o, ,s,o,l,v,e,., ,T,h,u,s, ,t,h,e, ,t,i,m,e, ,r,e,q,u,i,r,e,d, ,t,o, ,s,o,l,v,e, ,a, ,p,r,o,b,l,e,m, ,(,o,r, ,t,h,e, ,s,p,a,c,e, ,r,e,q,u,i,r,e,d,",", ,o,r, ,a,n,y, ,m,e,a,s,u,r,e, ,o,f, ,c,o,m,p,l,e,x,i,t,y,), ,i,s, ,c,a,l,c,u,l,a,t,e,d, ,a,s, ,a, ,f,u,n,c,t,i,o,n, ,o,f, ,t,h,e, ,s,i,z,e, ,o,f, ,t,h,e, ,i,n,s,t,a,n,c,e
., ,T,h,i,s, ,i,s, ,u,s,u,a,l,l,y, ,t,a,k,e,n, ,t,o, ,b,e, ,t,h,e, ,s,i,z,e, ,o,f, ,t,h,e, ,i,n,p,u,t, ,i,n, ,b,i,t,s,., ,C,o,m,p,l,e,x,i,t,y, ,t,h,e,o,r,y, ,i,s, ,i,n,t,e,r,e,s,t,e,d, ,i,n, ,h,o,w, ,a,l,g,o,r,i,t,h,m,s, ,s,c,a,l,e, ,w,i,t,h, ,a,n, ,i,n,c,r,e,a,s,e, ,i,n, ,t,h,e, ,i,n,p,u,t, ,s,i,z,e
., ,F,o,r, ,i,n,s,t,a,n,c,e,",", ,i,n, ,t,h,e, ,p,r,o,b,l,e,m, ,o,f, ,f,i,n,d,i,n,g, ,w,h,e,t,h,e,r, ,a, ,g,r,a,p,h, ,i,s, ,c,o,n,n,e,c,t,e,d,",", ,h,o,w, ,m,u,c,h, ,m,o,r,e, ,t,i,m,e, ,d,o,e,s, ,i,t, ,t,a,k,e, ,t,o, ,s,o,l,v,e, ,a, ,p,r,o,b,l,e,m, ,f,o,r, ,a, ,g,r,a,p,h, ,w,i,t,h, ,2,n, ,v,e,r,t,i,c,e,s, ,c,o,m,p,a,r,e,d, ,t,o, ,t,h,e, ,t,i,m,e, ,t,a,k,e,n, ,f,o,r, ,a, ,g,r,a,p,h, ,w,i,t,h, ,n, ,v,e,r,t,i,c,e,s,?
I,f, ,t,h,e, ,i,n,p,u,t, ,s,i,z,e, ,i,s, ,n,",", ,t,h,e, ,t,i,m,e, ,t,a,k,e,n, ,c,a,n, ,b,e, ,e,x,p,r,e,s,s,e,d, ,a,s, ,a, ,f,u,n,c,t,i,o,n, ,o,f, ,n,., ,S,i,n,c,e, ,t,h,e, ,t,i,m,e, ,t,a,k,e,n, ,o,n, ,d,i,f,f,e,r,e,n,t, ,i,n,p,u,t,s, ,o,f, ,t,h,e, ,s,a,m,e, ,s,i,z,e, ,c,a,n, ,b,e, ,d,i,f,f,e,r,e,n,t,",", ,t,h,e, ,w,o,r,s,t,-,c,a,s,e, ,t,i,m,e, ,c,o,m,p,l,e,x,i,t,y, ,T,(,n,), ,i,s, ,d,e,f,i,n,e,d, ,t,o, ,b,e, ,t,h,e, ,m,a,x,i,m,u,m, ,t,i,m,e, ,t,a,k,e,n, ,o,v,e,r, ,a,l,l, ,i,n,p,u,t,s, ,o,f, ,s,i,z,e, ,n
., ,I,f, ,T,(,n,), ,i,s, ,a, ,p,o,l,y,n,o,m,i,a,l, ,i,n, ,n,",", ,t,h,e,n, ,t,h,e, ,a,l,g,o,r,i,t,h,m, ,i,s, ,s,a,i,d, ,t,o, ,b,e, ,a, ,p,o,l,y,n,o,m,i,a,l, ,t,i,m,e, ,a,l,g,o,r,i,t,h,m,., ,C,o,b,h,a,m,',s, ,t,h,e,s,i,s, ,s,a,y,s, ,t,h,a,t, ,a, ,p,r,o,b,l,e,m, ,c,a,n, ,b,e, ,s,o,l,v,e,d, ,w,i,t,h, ,a, ,f,e,a,s,i,b,l,e, ,a,m,o,u,n,t, ,o,f, ,r,e,s,o,u,r,c,e,s, ,i,f, ,i,t, ,a,d,m,i,t,s, ,a, ,p,o,l,y,n,o,m,i,a,l, ,t,i,m,e, ,a,l,g,o,r,i,t,h,m,.
A, ,T,u,r,i,n,g, ,m,a,c,h,i,n,e, ,i,s, ,a, ,m,a,t,h,e,m,a,t,i,c,a,l, ,m,o,d,e,l, ,o,f, ,a, ,g,e,n,e,r,a,l, ,c,o,m,p,u,t,i,n,g, ,m,a,c,h,i,n,e,., ,I,t, ,i,s, ,a, ,t,h,e,o,r,e,t,i,c,a,l, ,d,e,v,i,c,e, ,t,h,a,t, ,m,a,n,i,p,u,l,a,t,e,s, ,s,y,m,b,o,l,s, ,c,o,n,t,a,i,n,e,d, ,o,n, ,a, ,s,t,r,i,p, ,o,f, ,t,a,p,e
., ,T,u,r,i,n,g, ,m,a,c,h,i,n,e,s, ,a,r,e, ,n,o,t, ,i,n,t,e,n,d,e,d, ,a,s, ,a, ,p,r,a,c,t,i,c,a,l, ,c,o,m,p,u,t,i,n,g, ,t,e,c,h,n,o,l,o,g,y,",", ,b,u,t, ,r,a,t,h,e,r, ,a,s, ,a, ,t,h,o,u,g,h,t, ,e,x,p,e,r,i,m,e,n,t, ,r,e,p,r,e,s,e,n,t,i,n,g, ,a, ,c,o,m,p,u,t,i,n,g, ,m,a,c,h,i,n,e,—,a,n,y,t,h,i,n,g, ,f,r,o,m, ,a,n, ,a,d,v,a,n,c,e,d, ,s,u,p,e,r,c,o,m,p,u,t,e,r, ,t,o, ,a, ,m,a,t,h,e,m,a,t,i,c,i,a,n, ,w,i,t,h, ,a, ,p,e,n,c,i,l, ,a,n,d, ,p,a,p,e,r
., ,I,t, ,i,s, ,b,e,l,i,e,v,e,d, ,t,h,a,t, ,i,f, ,a, ,p,r,o,b,l,e,m, ,c,a,n, ,b,e, ,s,o,l,v,e,d, ,b,y, ,a,n, ,a,l,g,o,r,i,t,h,m,",", ,t,h,e,r,e, ,e,x,i,s,t,s, ,a, ,T,u,r,i,n,g, ,m,a,c,h,i,n,e, ,t,h,a,t, ,s,o,l,v,e,s, ,t,h,e, ,p,r,o,b,l,e,m,., ,I,n,d,e,e,d,",", ,t,h,i,s, ,i,s, ,t,h,e, ,s,t,a,t,e,m,e,n,t, ,o,f, ,t,h,e, ,C,h,u,r,c,h,–,T,u,r,i,n,g, ,t,h,e,s,i,s
., ,F,u,r,t,h,e,r,m,o,r,e,",", ,i,t, ,i,s, ,k,n,o,w,n, ,t,h,a,t, ,e,v,e,r,y,t,h,i,n,g, ,t,h,a,t, ,c,a,n, ,b,e, ,c,o,m,p,u,t,e,d, ,o,n, ,o,t,h,e,r, ,m,o,d,e,l,s, ,o,f, ,c,o,m,p,u,t,a,t,i,o,n, ,k,n,o,w,n, ,t,o, ,u,s, ,t,o,d,a,y,",", ,s,u,c,h, ,a,s, ,a, ,R,A,M, ,m,a,c,h,i,n,e,",", ,C,o,n,w,a,y,',s, ,G,a,m,e, ,o,f, ,L,i,f,e,",", ,c,e,l,l,u,l,a,r, ,a,u,t,o,m,a,t,a, ,o,r, ,a,n,y, ,p,r,o,g,r,a,m,m,i,n,g, ,l,a,n,g,u,a,g,e, ,c,a,n, ,b,e, ,c,o,m,p,u,t,e,d, ,o,n, ,a, ,T,u,r,i,n,g, ,m,a,c,h,i,n,e
., ,S,i,n,c,e, ,T,u,r,i,n,g, ,m,a,c,h,i,n,e,s, ,a,r,e, ,e,a,s,y, ,t,o, ,a,n,a,l,y,z,e, ,m,a,t,h,e,m,a,t,i,c,a,l,l,y,",", ,a,n,d, ,a,r,e, ,b,e,l,i,e,v,e,d, ,t,o, ,b,e, ,a,s, ,p,o,w,e,r,f,u,l, ,a,s, ,a,n,y, ,o,t,h,e,r, ,m,o,d,e,l, ,o,f, ,c,o,m,p,u,t,a,t,i,o,n,",", ,t,h,e, ,T,u,r,i,n,g, ,m,a,c,h,i,n,e, ,i,s, ,t,h,e, ,m,o,s,t, ,c,o,m,m,o,n,l,y, ,u,s,e,d, ,m,o,d,e,l, ,i,n, ,c,o,m,p,l,e,x,i,t,y, ,t,h,e,o,r,y,.
A, ,d,e,t,e,r,m,i,n,i,s,t,i,c, ,T,u,r,i,n,g, ,m,a,c,h,i,n,e, ,i,s, ,t,h,e, ,m,o,s,t, ,b,a,s,i,c, ,T,u,r,i,n,g, ,m,a,c,h,i,n,e,",", ,w,h,i,c,h, ,u,s,e,s, ,a, ,f,i,x,e,d, ,s,e,t, ,o,f, ,r,u,l,e,s, ,t,o, ,d,e,t,e,r,m,i,n,e, ,i,t,s, ,f,u,t,u,r,e, ,a,c,t,i,o,n,s,., ,A, ,p,r,o,b,a,b,i,l,i,s,t,i,c, ,T,u,r,i,n,g, ,m,a,c,h,i,n,e, ,i,s, ,a, ,d,e,t,e,r,m,i,n,i,s,t,i,c, ,T,u,r,i,n,g, ,m,a,c,h,i,n,e, ,w,i,t,h, ,a,n, ,e,x,t,r,a, ,s,u,p,p,l,y, ,o,f, ,r,a,n,d,o,m, ,b,i,t,s
., ,T,h,e, ,a,b,i,l,i,t,y, ,t,o, ,m,a,k,e, ,p,r,o,b,a,b,i,l,i,s,t,i,c, ,d,e,c,i,s,i,o,n,s, ,o,f,t,e,n, ,h,e,l,p,s, ,a,l,g,o,r,i,t,h,m,s, ,s,o,l,v,e, ,p,r,o,b,l,e,m,s, ,m,o,r,e, ,e,f,f,i,c,i,e,n,t,l,y,., ,A,l,g,o,r,i,t,h,m,s, ,t,h,a,t, ,u,s,e, ,r,a,n,d,o,m, ,b,i,t,s, ,a,r,e, ,c,a,l,l,e,d, ,r,a,n,d,o,m,i,z,e,d, ,a,l,g,o,r,i,t,h,m,s
., ,A, ,n,o,n,-,d,e,t,e,r,m,i,n,i,s,t,i,c, ,T,u,r,i,n,g, ,m,a,c,h,i,n,e, ,i,s, ,a, ,d,e,t,e,r,m,i,n,i,s,t,i,c, ,T,u,r,i,n,g, ,m,a,c,h,i,n,e, ,w,i,t,h, ,a,n, ,a,d,d,e,d, ,f,e,a,t,u,r,e, ,o,f, ,n,o,n,-,d,e,t,e,r,m,i,n,i,s,m,",", ,w,h,i,c,h, ,a,l,l,o,w,s, ,a, ,T,u,r,i,n,g, ,m,a,c,h,i,n,e, ,t,o, ,h,a,v,e, ,m,u,l,t,i,p,l,e, ,p,o,s,s,i,b,l,e, ,f,u,t,u,r,e, ,a,c,t,i,o,n,s, ,f,r,o,m, ,a, ,g,i,v,e,n, ,s,t,a,t,e
., ,O,n,e, ,w,a,y, ,t,o, ,v,i,e,w, ,n,o,n,-,d,e,t,e,r,m,i,n,i,s,m, ,i,s, ,t,h,a,t, ,t,h,e, ,T,u,r,i,n,g, ,m,a,c,h,i,n,e, ,b,r,a,n,c,h,e,s, ,i,n,t,o, ,m,a,n,y, ,p,o,s,s,i,b,l,e, ,c,o,m,p,u,t,a,t,i,o,n,a,l, ,p,a,t,h,s, ,a,t, ,e,a,c,h, ,s,t,e,p,",", ,a,n,d, ,i,f, ,i,t, ,s,o,l,v,e,s, ,t,h,e, ,p,r,o,b,l,e,m, ,i,n, ,a,n,y, ,o,f, ,t,h,e,s,e, ,b,r,a,n,c,h,e,s,",", ,i,t, ,i,s, ,s,a,i,d, ,t,o, ,h,a,v,e, ,s,o,l,v,e,d, ,t,h,e, ,p,r,o,b,l,e,m
., ,C,l,e,a,r,l,y,",", ,t,h,i,s, ,m,o,d,e,l, ,i,s, ,n,o,t, ,m,e,a,n,t, ,t,o, ,b,e, ,a, ,p,h,y,s,i,c,a,l,l,y, ,r,e,a,l,i,z,a,b,l,e, ,m,o,d,e,l,",", ,i,t, ,i,s, ,j,u,s,t, ,a, ,t,h,e,o,r,e,t,i,c,a,l,l,y, ,i,n,t,e,r,e,s,t,i,n,g, ,a,b,s,t,r,a,c,t, ,m,a,c,h,i,n,e, ,t,h,a,t, ,g,i,v,e,s, ,r,i,s,e, ,t,o, ,p,a,r,t,i,c,u,l,a,r,l,y, ,i,n,t,e,r,e,s,t,i,n,g, ,c,o,m,p,l,e,x,i,t,y, ,c,l,a,s,s,e,s,., ,F,o,r, ,e,x,a,m,p,l,e,s,",", ,s,e,e, ,n,o,n,-,d,e,t,e,r,m,i,n,i,s,t,i,c, ,a,l,g,o,r,i,t,h,m,.
M,a,n,y, ,t,y,p,e,s, ,o,f, ,T,u,r,i,n,g, ,m,a,c,h,i,n,e,s, ,a,r,e, ,u,s,e,d, ,t,o, ,d,e,f,i,n,e, ,c,o,m,p,l,e,x,i,t,y, ,c,l,a,s,s,e,s,",", ,s,u,c,h, ,a,s, ,d,e,t,e,r,m,i,n,i,s,t,i,c, ,T,u,r,i,n,g, ,m,a,c,h,i,n,e,s,",", ,p,r,o,b,a,b,i,l,i,s,t,i,c, ,T,u,r,i,n,g, ,m,a,c,h,i,n,e,s,",", ,n,o,n,-,d,e,t,e,r,m,i,n,i,s,t,i,c, ,T,u,r,i,n,g, ,m,a,c,h,i,n,e,s,",", ,q,u,a,n,t,u,m, ,T,u,r,i,n,g, ,m,a,c,h,i,n,e,s,",", ,s,y,m,m,e,t,r,i,c, ,T,u,r,i,n,g, ,m,a,c,h,i,n,e,s, ,a,n,d, ,a,l,t,e,r,n,a,t,i,n,g, ,T,u,r,i,n,g, ,m,a,c,h,i,n,e,s
., ,T,h,e,y, ,a,r,e, ,a,l,l, ,e,q,u,a,l,l,y, ,p,o,w,e,r,f,u,l, ,i,n, ,p,r,i,n,c,i,p,l,e,",", ,b,u,t, ,w,h,e,n, ,r,e,s,o,u,r,c,e,s, ,(,s,u,c,h, ,a,s, ,t,i,m,e, ,o,r, ,s,p,a,c,e,), ,a,r,e, ,b,o,u,n,d,e,d,",", ,s,o,m,e, ,o,f, ,t,h,e,s,e, ,m,a,y, ,b,e, ,m,o,r,e, ,p,o,w,e,r,f,u,l, ,t,h,a,n, ,o,t,h,e,r,s,.
M,a,n,y, ,m,a,c,h,i,n,e, ,m,o,d,e,l,s, ,d,i,f,f,e,r,e,n,t, ,f,r,o,m, ,t,h,e, ,s,t,a,n,d,a,r,d, ,m,u,l,t,i,-,t,a,p,e, ,T,u,r,i,n,g, ,m,a,c,h,i,n,e,s, ,h,a,v,e, ,b,e,e,n, ,p,r,o,p,o,s,e,d, ,i,n, ,t,h,e, ,l,i,t,e,r,a,t,u,r,e,",", ,f,o,r, ,e,x,a,m,p,l,e, ,r,a,n,d,o,m, ,a,c,c,e,s,s, ,m,a,c,h,i,n,e,s
., ,P,e,r,h,a,p,s, ,s,u,r,p,r,i,s,i,n,g,l,y,",", ,e,a,c,h, ,o,f, ,t,h,e,s,e, ,m,o,d,e,l,s, ,c,a,n, ,b,e, ,c,o,n,v,e,r,t,e,d, ,t,o, ,a,n,o,t,h,e,r, ,w,i,t,h,o,u,t, ,p,r,o,v,i,d,i,n,g, ,a,n,y, ,e,x,t,r,a, ,c,o,m,p,u,t,a,t,i,o,n,a,l, ,p,o,w,e,r,., ,T,h,e, ,t,i,m,e, ,a,n,d, ,m,e,m,o,r,y, ,c,o,n,s,u,m,p,t,i,o,n, ,o,f, ,t,h,e,s,e, ,a,l,t,e,r,n,a,t,e, ,m,o,d,e,l,s, ,m,a,y, ,v,a,r,y
., ,W,h,a,t, ,a,l,l, ,t,h,e,s,e, ,m,o,d,e,l,s, ,h,a,v,e, ,i,n, ,c,o,m,m,o,n, ,i,s, ,t,h,a,t, ,t,h,e, ,m,a,c,h,i,n,e,s, ,o,p,e,r,a,t,e, ,d,e,t,e,r,m,i,n,i,s,t,i,c,a,l,l,y,.
H,o,w,e,v,e,r,",", ,s,o,m,e, ,c,o,m,p,u,t,a,t,i,o,n,a,l, ,p,r,o,b,l,e,m,s, ,a,r,e, ,e,a,s,i,e,r, ,t,o, ,a,n,a,l,y,z,e, ,i,n, ,t,e,r,m,s, ,o,f, ,m,o,r,e, ,u,n,u,s,u,a,l, ,r,e,s,o,u,r,c,e,s,., ,F,o,r, ,e,x,a,m,p,l,e,",", ,a, ,n,o,n,-,d,e,t,e,r,m,i,n,i,s,t,i,c, ,T,u,r,i,n,g, ,m,a,c,h,i,n,e, ,i,s, ,a, ,c,o,m,p,u,t,a,t,i,o,n,a,l, ,m,o,d,e,l, ,t,h,a,t, ,i,s, ,a,l,l,o,w,e,d, ,t,o, ,b,r,a,n,c,h, ,o,u,t, ,t,o, ,c,h,e,c,k, ,m,a,n,y, ,d,i,f,f,e,r,e,n,t, ,p,o,s,s,i,b,i,l,i,t,i,e,s, ,a,t, ,o,n,c,e
., ,T,h,e, ,n,o,n,-,d,e,t,e,r,m,i,n,i,s,t,i,c, ,T,u,r,i,n,g, ,m,a,c,h,i,n,e, ,h,a,s, ,v,e,r,y, ,l,i,t,t,l,e, ,t,o, ,d,o, ,w,i,t,h, ,h,o,w, ,w,e, ,p,h,y,s,i,c,a,l,l,y, ,w,a,n,t, ,t,o, ,c,o,m,p,u,t,e, ,a,l,g,o,r,i,t,h,m,s,",", ,b,u,t, ,i,t,s, ,b,r,a,n,c,h,i,n,g, ,e,x,a,c,t,l,y, ,c,a,p,t,u,r,e,s, ,m,a,n,y, ,o,f, ,t,h,e, ,m,a,t,h,e,m,a,t,i,c,a,l, ,m,o,d,e,l,s, ,w,e, ,w,a,n,t, ,t,o, ,a,n,a,l,y,z,e,",", ,s,o, ,t,h,a,t, ,n,o,n,-,d,e,t,e,r,m,i,n,i,s,t,i,c, ,t,i,m,e, ,i,s, ,a, ,v,e,r,y, ,i,m,p,o,r,t,a,n,t
t,i,m,e, ,i,s, ,a, ,v,e,r,y, ,i,m,p,o,r,t,a,n,t, ,r,e,s,o,u,r,c,e, ,i,n, ,a,n,a,l,y,z,i,n,g, ,c,o,m,p,u,t,a,t,i,o,n,a,l, ,p,r,o,b,l,e,m,s,.
F,o,r, ,a, ,p,r,e,c,i,s,e, ,d,e,f,i,n,i,t,i,o,n, ,o,f, ,w,h,a,t, ,i,t, ,m,e,a,n,s, ,t,o, ,s,o,l,v,e, ,a, ,p,r,o,b,l,e,m, ,u,s,i,n,g, ,a, ,g,i,v,e,n, ,a,m,o,u,n,t, ,o,f, ,t,i,m,e, ,a,n,d, ,s,p,a,c,e,",", ,a, ,c,o,m,p,u,t,a,t,i,o,n,a,l, ,m,o,d,e,l, ,s,u,c,h, ,a,s, ,t,h,e, ,d,e,t,e,r,m,i,n,i,s,t,i,c, ,T,u,r,i,n,g, ,m,a,c,h,i,n,e, ,i,s, ,u,s,e,d
., ,T,h,e, ,t,i,m,e, ,r,e,q,u,i,r,e,d, ,b,y, ,a, ,d,e,t,e,r,m,i,n,i,s,t,i,c, ,T,u,r,i,n,g, ,m,a,c,h,i,n,e, ,M, ,o,n, ,i,n,p,u,t, ,x, ,i,s, ,t,h,e, ,t,o,t,a,l, ,n,u,m,b,e,r, ,o,f, ,s,t,a,t,e, ,t,r,a,n,s,i,t,i,o,n,s,",", ,o,r, ,s,t,e,p,s,",", ,t,h,e, ,m,a,c,h,i,n,e, ,m,a,k,e,s, ,b,e,f,o,r,e, ,i,t, ,h,a,l,t,s, ,a,n,d, ,o,u,t,p,u,t,s, ,t,h,e, ,a,n,s,w,e,r, ,(,"""",y,e,s,"""", ,o,r, ,"""",n,o,"""",)
., ,A, ,T,u,r,i,n,g, ,m,a,c,h,i,n,e, ,M, ,i,s, ,s,a,i,d, ,t,o, ,o,p,e,r,a,t,e, ,w,i,t,h,i,n, ,t,i,m,e, ,f,(,n,),",", ,i,f, ,t,h,e, ,t,i,m,e, ,r,e,q,u,i,r,e,d, ,b,y, ,M, ,o,n, ,e,a,c,h, ,i,n,p,u,t, ,o,f, ,l,e,n,g,t,h, ,n, ,i,s, ,a,t, ,m,o,s,t, ,f,(,n,),., ,A, ,d,e,c,i,s,i,o,n, ,p,r,o,b,l,e,m, ,A, ,c,a,n, ,b,e, ,s,o,l,v,e,d, ,i,n, ,t,i,m,e, ,f,(,n,), ,i,f, ,t,h,e,r,e, ,e,x,i,s,t,s, ,a, ,T,u,r,i,n,g, ,m,a,c,h,i,n,e, ,o,p,e,r,a,t,i,n,g, ,i,n, ,t,i,m,e, ,f,(,n,), ,t,h,a,t, ,s,o,l,v,e,s, ,t,h,e, ,p,r,o,b,l,e,m
., ,S,i,n,c,e, ,c,o,m,p,l,e,x,i,t,y, ,t,h,e,o,r,y, ,i,s, ,i,n,t,e,r,e,s,t,e,d, ,i,n, ,c,l,a,s,s,i,f,y,i,n,g, ,p,r,o,b,l,e,m,s, ,b,a,s,e,d, ,o,n, ,t,h,e,i,r, ,d,i,f,f,i,c,u,l,t,y,",", ,o,n,e, ,d,e,f,i,n,e,s, ,s,e,t,s, ,o,f, ,p,r,o,b,l,e,m,s, ,b,a,s,e,d, ,o,n, ,s,o,m,e, ,c,r,i,t,e,r,i,a
., ,F,o,r, ,i,n,s,t,a,n,c,e,",", ,t,h,e, ,s,e,t, ,o,f, ,p,r,o,b,l,e,m,s, ,s,o,l,v,a,b,l,e, ,w,i,t,h,i,n, ,t,i,m,e, ,f,(,n,), ,o,n, ,a, ,d,e,t,e,r,m,i,n,i,s,t,i,c, ,T,u,r,i,n,g, ,m,a,c,h,i,n,e, ,i,s, ,t,h,e,n, ,d,e,n,o,t,e,d, ,b,y, ,D,T,I,M,E,(,f,(,n,),),.
A,n,a,l,o,g,o,u,s, ,d,e,f,i,n,i,t,i,o,n,s, ,c,a,n, ,b,e, ,m,a,d,e, ,f,o,r, ,s,p,a,c,e, ,r,e,q,u,i,r,e,m,e,n,t,s,., ,A,l,t,h,o,u,g,h, ,t,i,m,e, ,a,n,d, ,s,p,a,c,e, ,a,r,e, ,t,h,e, ,m,o,s,t, ,w,e,l,l,-,k,n,o,w,n, ,c,o,m,p,l,e,x,i,t,y, ,r,e,s,o,u,r,c,e,s,",", ,a,n,y, ,c,o,m,p,l,e,x,i,t,y, ,m,e,a,s,u,r,e, ,c,a,n, ,b,e, ,v,i,e,w,e,d, ,a,s, ,a, ,c,o,m,p,u,t,a,t,i,o,n,a,l, ,r,e,s,o,u,r,c,e
., ,C,o,m,p,l,e,x,i,t,y, ,m,e,a,s,u,r,e,s, ,a,r,e, ,v,e,r,y, ,g,e,n,e,r,a,l,l,y, ,d,e,f,i,n,e,d, ,b,y, ,t,h,e, ,B,l,u,m, ,c,o,m,p,l,e,x,i,t,y, ,a,x,i,o,m,s,., ,O,t,h,e,r, ,c,o,m,p,l,e,x,i,t,y, ,m,e,a,s,u,r,e,s, ,u,s,e,d, ,i,n, ,c,o,m,p,l,e,x,i,t,y, ,t,h,e,o,r,y, ,i,n,c,l,u,d,e, ,c,o,m,m,u,n,i,c,a,t,i,o,n, ,c,o,m,p,l,e,x,i,t,y,",", ,c,i,r,c,u,i,t, ,c,o,m,p,l,e,x,i,t,y,",", ,a,n,d, ,d,e,c,i,s,i,o,n, ,t,r,e,e, ,c,o,m,p,l,e,x,i,t,y,.
T,h,e, ,b,e,s,t,",", ,w,o,r,s,t, ,a,n,d, ,a,v,e,r,a,g,e, ,c,a,s,e, ,c,o,m,p,l,e,x,i,t,y, ,r,e,f,e,r, ,t,o, ,t,h,r,e,e, ,d,i,f,f,e,r,e,n,t, ,w,a,y,s, ,o,f, ,m,e,a,s,u,r,i,n,g, ,t,h,e, ,t,i,m,e, ,c,o,m,p,l,e,x,i,t,y, ,(,o,r, ,a,n,y, ,o,t,h,e,r, ,c,o,m,p,l,e,x,i,t,y, ,m,e,a,s,u,r,e,), ,o,f, ,d,i,f,f,e,r,e,n,t, ,i,n,p,u,t,s, ,o,f, ,t,h,e, ,s,a,m,e, ,s,i,z,e
., ,S,i,n,c,e, ,s,o,m,e, ,i,n,p,u,t,s, ,o,f, ,s,i,z,e, ,n, ,m,a,y, ,b,e, ,f,a,s,t,e,r, ,t,o, ,s,o,l,v,e, ,t,h,a,n, ,o,t,h,e,r,s,",", ,w,e, ,d,e,f,i,n,e, ,t,h,e, ,f,o,l,l,o,w,i,n,g, ,c,o,m,p,l,e,x,i,t,i,e,s,:
F,o,r, ,e,x,a,m,p,l,e,",", ,c,o,n,s,i,d,e,r, ,t,h,e, ,d,e,t,e,r,m,i,n,i,s,t,i,c, ,s,o,r,t,i,n,g, ,a,l,g,o,r,i,t,h,m, ,q,u,i,c,k,s,o,r,t,., ,T,h,i,s, ,s,o,l,v,e,s, ,t,h,e, ,p,r,o,b,l,e,m, ,o,f, ,s,o,r,t,i,n,g, ,a, ,l,i,s,t, ,o,f, ,i,n,t,e,g,e,r,s, ,t,h,a,t, ,i,s, ,g,i,v,e,n, ,a,s, ,t,h,e, ,i,n,p,u,t
., ,T,h,e, ,w,o,r,s,t,-,c,a,s,e, ,i,s, ,w,h,e,n, ,t,h,e, ,i,n,p,u,t, ,i,s, ,s,o,r,t,e,d, ,o,r, ,s,o,r,t,e,d, ,i,n, ,r,e,v,e,r,s,e, ,o,r,d,e,r,",", ,a,n,d, ,t,h,e, ,a,l,g,o,r,i,t,h,m, ,t,a,k,e,s, ,t,i,m,e, ,O,(,n,2,), ,f,o,r, ,t,h,i,s, ,c,a,s,e,., ,I,f, ,w,e, ,a,s,s,u,m,e, ,t,h,a,t, ,a,l,l, ,p,o,s,s,i,b,l,e, ,p,e,r,m,u,t,a,t,i,o,n,s, ,o,f, ,t,h,e, ,i,n,p,u,t, ,l,i,s,t, ,a,r,e, ,e,q,u,a,l,l,y, ,l,i,k,e,l,y,",", ,t,h,e, ,a,v,e,r,a,g,e, ,t,i,m,e, ,t,a,k,e,n, ,f,o,r, ,s,o,r,t,i,n,g, ,i,s, ,O,(,n, ,l,o,g, ,n,)
., ,T,h,e, ,b,e,s,t, ,c,a,s,e, ,o,c,c,u,r,s, ,w,h,e,n, ,e,a,c,h, ,p,i,v,o,t,i,n,g, ,d,i,v,i,d,e,s, ,t,h,e, ,l,i,s,t, ,i,n, ,h,a,l,f,",", ,a,l,s,o, ,n,e,e,d,i,n,g, ,O,(,n, ,l,o,g, ,n,), ,t,i,m,e,.
T,o, ,c,l,a,s,s,i,f,y, ,t,h,e, ,c,o,m,p,u,t,a,t,i,o,n, ,t,i,m,e, ,(,o,r, ,s,i,m,i,l,a,r, ,r,e,s,o,u,r,c,e,s,",", ,s,u,c,h, ,a,s, ,s,p,a,c,e, ,c,o,n,s,u,m,p,t,i,o,n,),",", ,o,n,e, ,i,s, ,i,n,t,e,r,e,s,t,e,d, ,i,n, ,p,r,o,v,i,n,g, ,u,p,p,e,r, ,a,n,d, ,l,o,w,e,r, ,b,o,u,n,d,s, ,o,n, ,t,h,e, ,m,i,n,i,m,u,m, ,a,m,o,u,n,t, ,o,f, ,t,i,m,e, ,r,e,q,u,i,r,e,d, ,b,y, ,t,h,e, ,m,o,s,t, ,e,f,f,i,c,i,e,n,t, ,a,l,g,o,r,i,t,h,m, ,s,o,l,v,i,n,g, ,a, ,g,i,v,e,n, ,p,r,o,b,l,e,m
., ,T,h,e, ,c,o,m,p,l,e,x,i,t,y, ,o,f, ,a,n, ,a,l,g,o,r,i,t,h,m, ,i,s, ,u,s,u,a,l,l,y, ,t,a,k,e,n, ,t,o, ,b,e, ,i,t,s, ,w,o,r,s,t,-,c,a,s,e, ,c,o,m,p,l,e,x,i,t,y,",", ,u,n,l,e,s,s, ,s,p,e,c,i,f,i,e,d, ,o,t,h,e,r,w,i,s,e,., ,A,n,a,l,y,z,i,n,g, ,a, ,p,a,r,t,i,c,u,l,a,r, ,a,l,g,o,r,i,t,h,m, ,f,a,l,l,s, ,u,n,d,e,r, ,t,h,e, ,f,i,e,l,d, ,o,f, ,a,n,a,l,y,s,i,s, ,o,f, ,a,l,g,o,r,i,t,h,m,s
., ,T,o, ,s,h,o,w, ,a,n, ,u,p,p,e,r, ,b,o,u,n,d, ,T,(,n,), ,o,n, ,t,h,e, ,t,i,m,e, ,c,o,m,p,l,e,x,i,t,y, ,o,f, ,a, ,p,r,o,b,l,e,m,",", ,o,n,e, ,n,e,e,d,s, ,t,o, ,s,h,o,w, ,o,n,l,y, ,t,h,a,t, ,t,h,e,r,e, ,i,s, ,a, ,p,a,r,t,i,c,u,l,a,r, ,a,l,g,o,r,i,t,h,m, ,w,i,t,h, ,r,u,n,n,i,n,g, ,t,i,m,e, ,a,t, ,m,o,s,t, ,T,(,n,)
., ,H,o,w,e,v,e,r,",", ,p,r,o,v,i,n,g, ,l,o,w,e,r, ,b,o,u,n,d,s, ,i,s, ,m,u,c,h, ,m,o,r,e, ,d,i,f,f,i,c,u,l,t,",", ,s,i,n,c,e, ,l,o,w,e,r, ,b,o,u,n,d,s, ,m,a,k,e, ,a, ,s,t,a,t,e,m,e,n,t, ,a,b,o,u,t, ,a,l,l, ,p,o,s,s,i,b,l,e, ,a,l,g,o,r,i,t,h,m,s, ,t,h,a,t, ,s,o,l,v,e, ,a, ,g,i,v,e,n, ,p,r,o,b,l,e,m
., ,T,h,e, ,p,h,r,a,s,e, ,"""",a,l,l, ,p,o,s,s,i,b,l,e, ,a,l,g,o,r,i,t,h,m,s,"""", ,i,n,c,l,u,d,e,s, ,n,o,t, ,j,u,s,t, ,t,h,e, ,a,l,g,o,r,i,t,h,m,s, ,k,n,o,w,n, ,t,o,d,a,y,",", ,b,u,t, ,a,n,y, ,a,l,g,o,r,i,t,h,m, ,t,h,a,t, ,m,i,g,h,t, ,b,e, ,d,i,s,c,o,v,e,r,e,d, ,i,n, ,t,h,e, ,f,u,t,u,r,e
., ,T,o, ,s,h,o,w, ,a, ,l,o,w,e,r, ,b,o,u,n,d, ,o,f, ,T,(,n,), ,f,o,r, ,a, ,p,r,o,b,l,e,m, ,r,e,q,u,i,r,e,s, ,s,h,o,w,i,n,g, ,t,h,a,t, ,n,o, ,a,l,g,o,r,i,t,h,m, ,c,a,n, ,h,a,v,e, ,t,i,m,e, ,c,o,m,p,l,e,x,i,t,y, ,l,o,w,e,r, ,t,h,a,n, ,T,(,n,),.
U,p,p,e,r, ,a,n,d, ,l,o,w,e,r, ,b,o,u,n,d,s, ,a,r,e, ,u,s,u,a,l,l,y, ,s,t,a,t,e,d, ,u,s,i,n,g, ,t,h,e, ,b,i,g, ,O, ,n,o,t,a,t,i,o,n,",", ,w,h,i,c,h, ,h,i,d,e,s, ,c,o,n,s,t,a,n,t, ,f,a,c,t,o,r,s, ,a,n,d, ,s,m,a,l,l,e,r, ,t,e,r,m,s,., ,T,h,i,s, ,m,a,k,e,s, ,t,h,e, ,b,o,u,n,d,s, ,i,n,d,e,p,e,n,d,e,n,t, ,o,f, ,t,h,e, ,s,p,e,c,i,f,i,c, ,d,e,t,a,i,l,s, ,o,f, ,t,h,e, ,c,o,m,p,u,t,a,t,i,o,n,a,l, ,m,o,d,e,l, ,u,s,e,d
., ,F,o,r, ,i,n,s,t,a,n,c,e,",", ,i,f, ,T,(,n,), ,=, ,7,n,2, ,+, ,1,5,n, ,+, ,4,0,",", ,i,n, ,b,i,g, ,O, ,n,o,t,a,t,i,o,n, ,o,n,e, ,w,o,u,l,d, ,w,r,i,t,e, ,T,(,n,), ,=, ,O,(,n,2,),.
O,f, ,c,o,u,r,s,e,",", ,s,o,m,e, ,c,o,m,p,l,e,x,i,t,y, ,c,l,a,s,s,e,s, ,h,a,v,e, ,c,o,m,p,l,i,c,a,t,e,d, ,d,e,f,i,n,i,t,i,o,n,s, ,t,h,a,t, ,d,o, ,n,o,t, ,f,i,t, ,i,n,t,o, ,t,h,i,s, ,f,r,a,m,e,w,o,r,k,., ,T,h,u,s,",", ,a, ,t,y,p,i,c,a,l, ,c,o,m,p,l,e,x,i,t,y, ,c,l,a,s,s, ,h,a,s, ,a, ,d,e,f,i,n,i,t,i,o,n, ,l,i,k,e, ,t,h,e, ,f,o,l,l,o,w,i,n,g,:
B,u,t, ,b,o,u,n,d,i,n,g, ,t,h,e, ,c,o,m,p,u,t,a,t,i,o,n, ,t,i,m,e, ,a,b,o,v,e, ,b,y, ,s,o,m,e, ,c,o,n,c,r,e,t,e, ,f,u,n,c,t,i,o,n, ,f,(,n,), ,o,f,t,e,n, ,y,i,e,l,d,s, ,c,o,m,p,l,e,x,i,t,y, ,c,l,a,s,s,e,s, ,t,h,a,t, ,d,e,p,e,n,d, ,o,n, ,t,h,e, ,c,h,o,s,e,n, ,m,a,c,h,i,n,e, ,m,o,d,e,l
., ,F,o,r, ,i,n,s,t,a,n,c,e,",", ,t,h,e, ,l,a,n,g,u,a,g,e, ,{,x,x, ,|, ,x, ,i,s, ,a,n,y, ,b,i,n,a,r,y, ,s,t,r,i,n,g,}, ,c,a,n, ,b,e, ,s,o,l,v,e,d, ,i,n, ,l,i,n,e,a,r, ,t,i,m,e, ,o,n, ,a, ,m,u,l,t,i,-,t,a,p,e, ,T,u,r,i,n,g, ,m,a,c,h,i,n,e,",", ,b,u,t, ,n,e,c,e,s,s,a,r,i,l,y, ,r,e,q,u,i,r,e,s, ,q,u,a,d,r,a,t,i,c, ,t,i,m,e, ,i,n, ,t,h,e, ,m,o,d,e,l, ,o,f, ,s,i,n,g,l,e,-,t,a,p,e, ,T,u,r,i,n,g, ,m,a,c,h,i,n,e,s
., ,I,f, ,w,e, ,a,l,l,o,w, ,p,o,l,y,n,o,m,i,a,l, ,v,a,r,i,a,t,i,o,n,s, ,i,n, ,r,u,n,n,i,n,g, ,t,i,m,e,",", ,C,o,b,h,a,m,-,E,d,m,o,n,d,s, ,t,h,e,s,i,s, ,s,t,a,t,e,s, ,t,h,a,t, ,"""",t,h,e, ,t,i,m,e, ,c,o,m,p,l,e,x,i,t,i,e,s, ,i,n, ,a,n,y, ,t,w,o, ,r,e,a,s,o,n,a,b,l,e, ,a,n,d, ,g,e,n,e,r,a,l, ,m,o,d,e,l,s, ,o,f, ,c,o,m,p,u,t,a,t,i,o,n, ,a,r,e, ,p,o,l,y,n,o,m,i,a,l,l,y, ,r,e,l,a,t,e,d,"""", ,(,G,o,l,d,r,e,i,c,h, ,2,0,0,8,",", ,C,h,a,p,t,e,r, ,1,.,2,)
., ,T,h,i,s, ,f,o,r,m,s, ,t,h,e, ,b,a,s,i,s, ,f,o,r, ,t,h,e, ,c,o,m,p,l,e,x,i,t,y, ,c,l,a,s,s, ,P,",", ,w,h,i,c,h, ,i,s, ,t,h,e, ,s,e,t, ,o,f, ,d,e,c,i,s,i,o,n, ,p,r,o,b,l,e,m,s, ,s,o,l,v,a,b,l,e, ,b,y, ,a, ,d,e,t,e,r,m,i,n,i,s,t,i,c, ,T,u,r,i,n,g, ,m,a,c,h,i,n,e, ,w,i,t,h,i,n, ,p,o,l,y,n,o,m,i,a,l, ,t,i,m,e,., ,T,h,e, ,c,o,r,r,e,s,p,o,n,d,i,n,g, ,s,e,t, ,o,f, ,f,u,n,c,t,i,o,n, ,p,r,o,b,l,e,m,s, ,i,s, ,F,P,.
M,a,n,y, ,i,m,p,o,r,t,a,n,t, ,c,o,m,p,l,e,x,i,t,y, ,c,l,a,s,s,e,s, ,c,a,n, ,b,e, ,d,e,f,i,n,e,d, ,b,y, ,b,o,u,n,d,i,n,g, ,t,h,e, ,t,i,m,e, ,o,r, ,s,p,a,c,e, ,u,s,e,d, ,b,y, ,t,h,e, ,a,l,g,o,r,i,t,h,m,., ,S,o,m,e, ,i,m,p,o,r,t,a,n,t, ,c,o,m,p,l,e,x,i,t,y, ,c,l,a,s,s,e,s, ,o,f, ,d,e,c,i,s,i,o,n, ,p,r,o,b,l,e,m,s, ,d,e,f,i,n,e,d, ,i,n, ,t,h,i,s, ,m,a,n,n,e,r, ,a,r,e, ,t,h,e, ,f,o,l,l,o,w,i,n,g,:
O,t,h,e,r, ,i,m,p,o,r,t,a,n,t, ,c,o,m,p,l,e,x,i,t,y, ,c,l,a,s,s,e,s, ,i,n,c,l,u,d,e, ,B,P,P,",", ,Z,P,P, ,a,n,d, ,R,P,",", ,w,h,i,c,h, ,a,r,e, ,d,e,f,i,n,e,d, ,u,s,i,n,g, ,p,r,o,b,a,b,i,l,i,s,t,i,c, ,T,u,r,i,n,g, ,m,a,c,h,i,n,e,s,;, ,A,C, ,a,n,d, ,N,C,",", ,w,h,i,c,h, ,a,r,e, ,d,e,f,i,n,e,d, ,u,s,i,n,g, ,B,o,o,l,e,a,n, ,c,i,r,c,u,i,t,s,;, ,a,n,d, ,B,Q,P, ,a,n,d, ,Q,M,A,",", ,w,h,i,c,h, ,a,r,e, ,d,e,f,i,n,e,d, ,u,s,i,n,g, ,q,u,a,n,t,u,m, ,T,u,r,i,n,g, ,m,a,c,h,i,n,e,s
., ,#,P, ,i,s, ,a,n, ,i,m,p,o,r,t,a,n,t, ,c,o,m,p,l,e,x,i,t,y, ,c,l,a,s,s, ,o,f, ,c,o,u,n,t,i,n,g, ,p,r,o,b,l,e,m,s, ,(,n,o,t, ,d,e,c,i,s,i,o,n, ,p,r,o,b,l,e,m,s,),., ,C,l,a,s,s,e,s, ,l,i,k,e, ,I,P, ,a,n,d, ,A,M, ,a,r,e, ,d,e,f,i,n,e,d, ,u,s,i,n,g, ,I,n,t,e,r,a,c,t,i,v,e, ,p,r,o,o,f, ,s,y,s,t,e,m,s,., ,A,L,L, ,i,s, ,t,h,e, ,c,l,a,s,s, ,o,f, ,a,l,l, ,d,e,c,i,s,i,o,n, ,p,r,o,b,l,e,m,s,.
F,o,r, ,t,h,e, ,c,o,m,p,l,e,x,i,t,y, ,c,l,a,s,s,e,s, ,d,e,f,i,n,e,d, ,i,n, ,t,h,i,s, ,w,a,y,",", ,i,t, ,i,s, ,d,e,s,i,r,a,b,l,e, ,t,o, ,p,r,o,v,e, ,t,h,a,t, ,r,e,l,a,x,i,n,g, ,t,h,e, ,r,e,q,u,i,r,e,m,e,n,t,s, ,o,n, ,(,s,a,y,), ,c,o,m,p,u,t,a,t,i,o,n, ,t,i,m,e, ,i,n,d,e,e,d, ,d,e,f,i,n,e,s, ,a, ,b,i,g,g,e,r, ,s,e,t, ,o,f, ,p,r,o,b,l,e,m,s
., ,I,n, ,p,a,r,t,i,c,u,l,a,r,",", ,a,l,t,h,o,u,g,h, ,D,T,I,M,E,(,n,), ,i,s, ,c,o,n,t,a,i,n,e,d, ,i,n, ,D,T,I,M,E,(,n,2,),",", ,i,t, ,w,o,u,l,d, ,b,e, ,i,n,t,e,r,e,s,t,i,n,g, ,t,o, ,k,n,o,w, ,i,f, ,t,h,e, ,i,n,c,l,u,s,i,o,n, ,i,s, ,s,t,r,i,c,t,., ,F,o,r, ,t,i,m,e, ,a,n,d, ,s,p,a,c,e, ,r,e,q,u,i,r,e,m,e,n,t,s,",", ,t,h,e, ,a,n,s,w,e,r, ,t,o, ,s,u,c,h, ,q,u,e,s,t,i,o,n,s, ,i,s, ,g,i,v,e,n, ,b,y, ,t,h,e, ,t,i,m,e, ,a,n,d, ,s,p,a,c,e, ,h,i,e,r,a,r,c,h,y, ,t,h,e,o,r,e,m,s, ,r,e,s,p,e,c,t,i,v,e,l,y
., ,T,h,e,y, ,a,r,e, ,c,a,l,l,e,d, ,h,i,e,r,a,r,c,h,y, ,t,h,e,o,r,e,m,s, ,b,e,c,a,u,s,e, ,t,h,e,y, ,i,n,d,u,c,e, ,a, ,p,r,o,p,e,r, ,h,i,e,r,a,r,c,h,y, ,o,n, ,t,h,e, ,c,l,a,s,s,e,s, ,d,e,f,i,n,e,d, ,b,y, ,c,o,n,s,t,r,a,i,n,i,n,g, ,t,h,e, ,r,e,s,p,e,c,t,i,v,e, ,r,e,s,o,u,r,c,e,s,., ,T,h,u,s, ,t,h,e,r,e, ,a,r,e, ,p,a,i,r,s, ,o,f, ,c,o,m,p,l,e,x,i,t,y, ,c,l,a,s,s,e,s, ,s,u,c,h, ,t,h,a,t, ,o,n,e, ,i,s, ,p,r,o,p,e,r,l,y, ,i,n,c,l,u,d,e,d, ,i,n, ,t,h,e, ,o,t,h,e,r
., ,H,a,v,i,n,g, ,d,e,d,u,c,e,d, ,s,u,c,h, ,p,r,o,p,e,r, ,s,e,t, ,i,n,c,l,u,s,i,o,n,s,",", ,w,e, ,c,a,n, ,p,r,o,c,e,e,d, ,t,o, ,m,a,k,e, ,q,u,a,n,t,i,t,a,t,i,v,e, ,s,t,a,t,e,m,e,n,t,s, ,a,b,o,u,t, ,h,o,w, ,m,u,c,h, ,m,o,r,e, ,a,d,d,i,t,i,o,n,a,l, ,t,i,m,e, ,o,r, ,s,p,a,c,e, ,i,s, ,n,e,e,d,e,d, ,i,n, ,o,r,d,e,r, ,t,o, ,i,n,c,r,e,a,s,e, ,t,h,e, ,n,u,m,b,e,r, ,o,f, ,p,r,o,b,l,e,m,s, ,t,h,a,t, ,c,a,n, ,b,e, ,s,o,l,v,e,d,.
T,h,e, ,t,i,m,e, ,a,n,d, ,s,p,a,c,e, ,h,i,e,r,a,r,c,h,y, ,t,h,e,o,r,e,m,s, ,f,o,r,m, ,t,h,e, ,b,a,s,i,s, ,f,o,r, ,m,o,s,t, ,s,e,p,a,r,a,t,i,o,n, ,r,e,s,u,l,t,s, ,o,f, ,c,o,m,p,l,e,x,i,t,y, ,c,l,a,s,s,e,s
., ,F,o,r, ,i,n,s,t,a,n,c,e,",", ,t,h,e, ,t,i,m,e, ,h,i,e,r,a,r,c,h,y, ,t,h,e,o,r,e,m, ,t,e,l,l,s, ,u,s, ,t,h,a,t, ,P, ,i,s, ,s,t,r,i,c,t,l,y, ,c,o,n,t,a,i,n,e,d, ,i,n, ,E,X,P,T,I,M,E,",", ,a,n,d, ,t,h,e, ,s,p,a,c,e, ,h,i,e,r,a,r,c,h,y, ,t,h,e,o,r,e,m, ,t,e,l,l,s, ,u,s, ,t,h,a,t, ,L, ,i,s, ,s,t,r,i,c,t,l,y, ,c,o,n,t,a,i,n,e,d, ,i,n, ,P,S,P,A,C,E,.
M,a,n,y, ,c,o,m,p,l,e,x,i,t,y, ,c,l,a,s,s,e,s, ,a,r,e, ,d,e,f,i,n,e,d, ,u,s,i,n,g, ,t,h,e, ,c,o,n,c,e,p,t, ,o,f, ,a, ,r,e,d,u,c,t,i,o,n,., ,A, ,r,e,d,u,c,t,i,o,n, ,i,s, ,a, ,t,r,a,n,s,f,o,r,m,a,t,i,o,n, ,o,f, ,o,n,e, ,p,r,o,b,l,e,m, ,i,n,t,o, ,a,n,o,t,h,e,r, ,p,r,o,b,l,e,m,., ,I,t, ,c,a,p,t,u,r,e,s, ,t,h,e, ,i,n,f,o,r,m,a,l, ,n,o,t,i,o,n, ,o,f, ,a, ,p,r,o,b,l,e,m, ,b,e,i,n,g, ,a,t, ,l,e,a,s,t, ,a,s, ,d,i,f,f,i,c,u,l,t, ,a,s, ,a,n,o,t,h,e,r, ,p,r,o,b,l,e,m
., ,F,o,r, ,i,n,s,t,a,n,c,e,",", ,i,f, ,a, ,p,r,o,b,l,e,m, ,X, ,c,a,n, ,b,e, ,s,o,l,v,e,d, ,u,s,i,n,g, ,a,n, ,a,l,g,o,r,i,t,h,m, ,f,o,r, ,Y,",", ,X, ,i,s, ,n,o, ,m,o,r,e, ,d,i,f,f,i,c,u,l,t, ,t,h,a,n, ,Y,",", ,a,n,d, ,w,e, ,s,a,y, ,t,h,a,t, ,X, ,r,e,d,u,c,e,s, ,t,o, ,Y
., ,T,h,e,r,e, ,a,r,e, ,m,a,n,y, ,d,i,f,f,e,r,e,n,t, ,t,y,p,e,s, ,o,f, ,r,e,d,u,c,t,i,o,n,s,",", ,b,a,s,e,d, ,o,n, ,t,h,e, ,m,e,t,h,o,d, ,o,f, ,r,e,d,u,c,t,i,o,n,",", ,s,u,c,h, ,a,s, ,C,o,o,k, ,r,e,d,u,c,t,i,o,n,s,",", ,K,a,r,p, ,r,e,d,u,c,t,i,o,n,s, ,a,n,d, ,L,e,v,i,n, ,r,e,d,u,c,t,i,o,n,s,",", ,a,n,d, ,t,h,e, ,b,o,u,n,d, ,o,n, ,t,h,e, ,c,o,m,p,l,e,x,i,t,y, ,o,f, ,r,e,d,u,c,t,i,o,n,s,",", ,s,u,c,h, ,a,s, ,p,o,l,y,n,o,m,i,a,l,-,t,i,m,e, ,r,e,d,u,c,t,i,o,n,s, ,o,r, ,l,o,g,-,s,p,a,c,e, ,r,e,d,u,c,t,i,o,n,s,.
T,h,e, ,m,o,s,t, ,c,o,m,m,o,n,l,y, ,u,s,e,d, ,r,e,d,u,c,t,i,o,n, ,i,s, ,a, ,p,o,l,y,n,o,m,i,a,l,-,t,i,m,e, ,r,e,d,u,c,t,i,o,n,., ,T,h,i,s, ,m,e,a,n,s, ,t,h,a,t, ,t,h,e, ,r,e,d,u,c,t,i,o,n, ,p,r,o,c,e,s,s, ,t,a,k,e,s, ,p,o,l,y,n,o,m,i,a,l, ,t,i,m,e,., ,F,o,r, ,e,x,a,m,p,l,e,",", ,t,h,e, ,p,r,o,b,l,e,m, ,o,f, ,s,q,u,a,r,i,n,g, ,a,n, ,i,n,t,e,g,e,r, ,c,a,n, ,b,e, ,r,e,d,u,c,e,d, ,t,o, ,t,h,e, ,p,r,o,b,l,e,m, ,o,f, ,m,u,l,t,i,p,l,y,i,n,g, ,t,w,o, ,i,n,t,e,g,e,r,s
., ,T,h,i,s, ,m,e,a,n,s, ,a,n, ,a,l,g,o,r,i,t,h,m, ,f,o,r, ,m,u,l,t,i,p,l,y,i,n,g, ,t,w,o, ,i,n,t,e,g,e,r,s, ,c,a,n, ,b,e, ,u,s,e,d, ,t,o, ,s,q,u,a,r,e, ,a,n, ,i,n,t,e,g,e,r,., ,I,n,d,e,e,d,",", ,t,h,i,s, ,c,a,n, ,b,e, ,d,o,n,e, ,b,y, ,g,i,v,i,n,g, ,t,h,e, ,s,a,m,e, ,i,n,p,u,t, ,t,o, ,b,o,t,h, ,i,n,p,u,t,s, ,o,f, ,t,h,e, ,m,u,l,t,i,p,l,i,c,a,t,i,o,n, ,a,l,g,o,r,i,t,h,m
., ,T,h,u,s, ,w,e, ,s,e,e, ,t,h,a,t, ,s,q,u,a,r,i,n,g, ,i,s, ,n,o,t, ,m,o,r,e, ,d,i,f,f,i,c,u,l,t, ,t,h,a,n, ,m,u,l,t,i,p,l,i,c,a,t,i,o,n,",", ,s,i,n,c,e, ,s,q,u,a,r,i,n,g, ,c,a,n, ,b,e, ,r,e,d,u,c,e,d, ,t,o, ,m,u,l,t,i,p,l,i,c,a,t,i,o,n,.
T,h,i,s, ,m,o,t,i,v,a,t,e,s, ,t,h,e, ,c,o,n,c,e,p,t, ,o,f, ,a, ,p,r,o,b,l,e,m, ,b,e,i,n,g, ,h,a,r,d, ,f,o,r, ,a, ,c,o,m,p,l,e,x,i,t,y, ,c,l,a,s,s,., ,A, ,p,r,o,b,l,e,m, ,X, ,i,s, ,h,a,r,d, ,f,o,r, ,a, ,c,l,a,s,s, ,o,f, ,p,r,o,b,l,e,m,s, ,C, ,i,f, ,e,v,e,r,y, ,p,r,o,b,l,e,m, ,i,n, ,C, ,c,a,n, ,b,e, ,r,e,d,u,c,e,d, ,t,o, ,X
., ,T,h,u,s, ,n,o, ,p,r,o,b,l,e,m, ,i,n, ,C, ,i,s, ,h,a,r,d,e,r, ,t,h,a,n, ,X,",", ,s,i,n,c,e, ,a,n, ,a,l,g,o,r,i,t,h,m, ,f,o,r, ,X, ,a,l,l,o,w,s, ,u,s, ,t,o, ,s,o,l,v,e, ,a,n,y, ,p,r,o,b,l,e,m, ,i,n, ,C,., ,O,f, ,c,o,u,r,s,e,",", ,t,h,e, ,n,o,t,i,o,n, ,o,f, ,h,a,r,d, ,p,r,o,b,l,e,m,s, ,d,e,p,e,n,d,s, ,o,n, ,t,h,e, ,t,y,p,e, ,o,f, ,r,e,d,u,c,t,i,o,n, ,b,e,i,n,g, ,u,s,e,d
., ,F,o,r, ,c,o,m,p,l,e,x,i,t,y, ,c,l,a,s,s,e,s, ,l,a,r,g,e,r, ,t,h,a,n, ,P,",", ,p,o,l,y,n,o,m,i,a,l,-,t,i,m,e, ,r,e,d,u,c,t,i,o,n,s, ,a,r,e, ,c,o,m,m,o,n,l,y, ,u,s,e,d,., ,I,n, ,p,a,r,t,i,c,u,l,a,r,",", ,t,h,e, ,s,e,t, ,o,f, ,p,r,o,b,l,e,m,s, ,t,h,a,t, ,a,r,e, ,h,a,r,d, ,f,o,r, ,N,P, ,i,s, ,t,h,e, ,s,e,t, ,o,f, ,N,P,-,h,a,r,d, ,p,r,o,b,l,e,m,s,.
I,f, ,a, ,p,r,o,b,l,e,m, ,X, ,i,s, ,i,n, ,C, ,a,n,d, ,h,a,r,d, ,f,o,r, ,C,",", ,t,h,e,n, ,X, ,i,s, ,s,a,i,d, ,t,o, ,b,e, ,c,o,m,p,l,e,t,e, ,f,o,r, ,C,., ,T,h,i,s, ,m,e,a,n,s, ,t,h,a,t, ,X, ,i,s, ,t,h,e, ,h,a,r,d,e,s,t, ,p,r,o,b,l,e,m, ,i,n, ,C
., ,(,S,i,n,c,e, ,m,a,n,y, ,p,r,o,b,l,e,m,s, ,c,o,u,l,d, ,b,e, ,e,q,u,a,l,l,y, ,h,a,r,d,",", ,o,n,e, ,m,i,g,h,t, ,s,a,y, ,t,h,a,t, ,X, ,i,s, ,o,n,e, ,o,f, ,t,h,e, ,h,a,r,d,e,s,t, ,p,r,o,b,l,e,m,s, ,i,n, ,C,.,), ,T,h,u,s, ,t,h,e, ,c,l,a,s,s, ,o,f, ,N,P,-,c,o,m,p,l,e,t,e, ,p,r,o,b,l,e,m,s, ,c,o,n,t,a,i,n,s, ,t,h,e, ,m,o,s,t, ,d,i,f,f,i,c,u,l,t, ,p,r,o,b,l,e,m,s, ,i,n, ,N,P,",", ,i,n, ,t,h,e, ,s,e,n,s,e, ,t,h,a,t, ,t,h,e,y, ,a,r,e, ,t,h,e, ,o,n,e,s, ,m,o,s,t, ,l,i,k,e,l,y, ,n,o,t, ,t,o, ,b,e, ,i,n, ,P
